Time,Vertical,Lateral,Sagittal
27/09/2019 11:11:42.412,2014,2122,2039
27/09/2019 11:11:42.422,2015,2123,2037
27/09/2019 11:11:42.432,2016,2125,2038
27/09/2019 11:11:42.442,2016,2121,2038
27/09/2019 11:11:42.452,2015,2119,2038
27/09/2019 11:11:42.462,2017,2119,2038
27/09/2019 11:11:42.472,2016,2119,2038
27/09/2019 11:11:42.482,2015,2120,2037
27/09/2019 11:11:42.492,2015,2121,2039
27/09/2019 11:11:42.502,2016,2119,2038
27/09/2019 11:11:42.512,2015,2121,2037
27/09/2019 11:11:42.522,2015,2122,2037
27/09/2019 11:11:42.532,2015,2121,2040
27/09/2019 11:11:42.542,2015,2121,2040
27/09/2019 11:11:42.552,2015,2121,2040
27/09/2019 11:11:42.562,2015,2119,2037
27/09/2019 11:11:42.572,2015,2119,2037
27/09/2019 11:11:42.582,2015,2120,2037
27/09/2019 11:11:42.592,2014,2122,2037
27/09/2019 11:11:42.602,2014,2120,2038
27/09/2019 11:11:42.612,2014,2121,2038
27/09/2019 11:11:42.622,2013,2122,2036
27/09/2019 11:11:42.632,2013,2122,2036
27/09/2019 11:11:42.642,2013,2120,2037
27/09/2019 11:11:42.652,2014,2122,2037
27/09/2019 11:11:42.662,2014,2122,2036
27/09/2019 11:11:42.672,2016,2122,2036
27/09/2019 11:11:42.682,2015,2123,2036
27/09/2019 11:11:42.692,2015,2122,2036
27/09/2019 11:11:42.702,2015,2122,2037
27/09/2019 11:11:42.712,2015,2120,2039
27/09/2019 11:11:42.722,2015,2119,2037
27/09/2019 11:11:42.732,2015,2120,2038
27/09/2019 11:11:42.742,2016,2120,2037
27/09/2019 11:11:42.752,2015,2121,2039
27/09/2019 11:11:42.762,2017,2123,2038
27/09/2019 11:11:42.772,2016,2125,2038
27/09/2019 11:11:42.782,2015,2125,2037
27/09/2019 11:11:42.792,2015,2124,2039
27/09/2019 11:11:42.802,2015,2124,2037
27/09/2019 11:11:42.812,2014,2123,2038
27/09/2019 11:11:42.822,2014,2124,2037
27/09/2019 11:11:42.832,2014,2125,2038
27/09/2019 11:11:42.842,2013,2126,2038
27/09/2019 11:11:42.852,2014,2124,2038
27/09/2019 11:11:42.862,2014,2123,2038
27/09/2019 11:11:42.872,2014,2125,2039
27/09/2019 11:11:42.882,2014,2123,2038
27/09/2019 11:11:42.892,2013,2121,2037
27/09/2019 11:11:42.902,2014,2121,2039
27/09/2019 11:11:42.912,2014,2122,2038
27/09/2019 11:11:42.922,2015,2124,2039
27/09/2019 11:11:42.932,2015,2124,2036
27/09/2019 11:11:42.942,2014,2124,2036
27/09/2019 11:11:42.952,2015,2121,2035
27/09/2019 11:11:42.962,2015,2120,2038
27/09/2019 11:11:42.972,2012,2119,2040
27/09/2019 11:11:42.982,2013,2119,2039
27/09/2019 11:11:42.992,2013,2119,2039
27/09/2019 11:11:43.002,2014,2117,2040
27/09/2019 11:11:43.012,2014,2119,2040
27/09/2019 11:11:43.022,2014,2121,2039
27/09/2019 11:11:43.032,2014,2121,2038
27/09/2019 11:11:43.042,2014,2123,2038
27/09/2019 11:11:43.052,2014,2124,2038
27/09/2019 11:11:43.062,2015,2123,2036
27/09/2019 11:11:43.072,2015,2122,2036
27/09/2019 11:11:43.082,2015,2121,2037
27/09/2019 11:11:43.092,2015,2121,2038
27/09/2019 11:11:43.102,2015,2121,2037
27/09/2019 11:11:43.112,2016,2122,2037
27/09/2019 11:11:43.122,2015,2121,2038
27/09/2019 11:11:43.132,2015,2125,2038
27/09/2019 11:11:43.142,2016,2124,2040
27/09/2019 11:11:43.152,2014,2124,2039
27/09/2019 11:11:43.162,2014,2123,2039
27/09/2019 11:11:43.172,2014,2123,2038
27/09/2019 11:11:43.182,2013,2123,2036
27/09/2019 11:11:43.192,2014,2124,2039
27/09/2019 11:11:43.202,2014,2122,2039
27/09/2019 11:11:43.212,2013,2122,2039
27/09/2019 11:11:43.222,2014,2123,2037
27/09/2019 11:11:43.232,2012,2124,2038
27/09/2019 11:11:43.242,2013,2121,2037
27/09/2019 11:11:43.252,2014,2123,2037
27/09/2019 11:11:43.262,2014,2124,2038
27/09/2019 11:11:43.272,2014,2124,2036
27/09/2019 11:11:43.282,2014,2124,2039
27/09/2019 11:11:43.292,2015,2122,2037
27/09/2019 11:11:43.302,2016,2122,2038
27/09/2019 11:11:43.312,2016,2122,2038
27/09/2019 11:11:43.322,2014,2120,2037
27/09/2019 11:11:43.332,2014,2119,2038
27/09/2019 11:11:43.342,2014,2118,2037
27/09/2019 11:11:43.352,2015,2120,2037
27/09/2019 11:11:43.362,2014,2120,2038
27/09/2019 11:11:43.372,2014,2122,2039
27/09/2019 11:11:43.382,2014,2120,2036
27/09/2019 11:11:43.392,2014,2120,2037
27/09/2019 11:11:43.402,2015,2120,2036
27/09/2019 11:11:43.412,2014,2120,2037
27/09/2019 11:11:43.422,2014,2119,2039
27/09/2019 11:11:43.432,2014,2120,2039
27/09/2019 11:11:43.442,2014,2121,2037
27/09/2019 11:11:43.452,2014,2120,2039
27/09/2019 11:11:43.462,2014,2120,2039
27/09/2019 11:11:43.472,2014,2123,2039
27/09/2019 11:11:43.482,2013,2121,2038
27/09/2019 11:11:43.492,2014,2121,2036
27/09/2019 11:11:43.502,2014,2121,2038
27/09/2019 11:11:43.512,2013,2121,2038
27/09/2019 11:11:43.522,2014,2122,2036
27/09/2019 11:11:43.532,2014,2122,2036
27/09/2019 11:11:43.542,2014,2122,2036
27/09/2019 11:11:43.552,2014,2122,2038
27/09/2019 11:11:43.562,2014,2123,2038
27/09/2019 11:11:43.572,2013,2122,2039
27/09/2019 11:11:43.582,2014,2124,2039
27/09/2019 11:11:43.592,2014,2123,2036
27/09/2019 11:11:43.602,2014,2122,2037
27/09/2019 11:11:43.612,2015,2120,2038
27/09/2019 11:11:43.622,2015,2120,2038
27/09/2019 11:11:43.632,2015,2124,2037
27/09/2019 11:11:43.642,2015,2122,2037
27/09/2019 11:11:43.652,2015,2121,2036
27/09/2019 11:11:43.662,2016,2122,2036
27/09/2019 11:11:43.672,2015,2123,2036
27/09/2019 11:11:43.682,2013,2123,2037
27/09/2019 11:11:43.692,2015,2124,2039
27/09/2019 11:11:43.702,2015,2124,2038
27/09/2019 11:11:43.712,2015,2122,2040
27/09/2019 11:11:43.722,2015,2122,2038
27/09/2019 11:11:43.732,2015,2122,2038
27/09/2019 11:11:43.742,2014,2120,2037
27/09/2019 11:11:43.752,2015,2119,2037
27/09/2019 11:11:43.762,2016,2119,2037
27/09/2019 11:11:43.772,2015,2119,2038
27/09/2019 11:11:43.782,2016,2123,2038
27/09/2019 11:11:43.792,2015,2119,2038
27/09/2019 11:11:43.802,2015,2122,2037
27/09/2019 11:11:43.812,2015,2122,2037
27/09/2019 11:11:43.822,2014,2122,2037
27/09/2019 11:11:43.832,2014,2124,2039
27/09/2019 11:11:43.842,2013,2121,2037
27/09/2019 11:11:43.852,2013,2121,2037
27/09/2019 11:11:43.862,2013,2123,2036
27/09/2019 11:11:43.872,2014,2123,2037
27/09/2019 11:11:43.882,2014,2120,2040
27/09/2019 11:11:43.892,2014,2120,2040
27/09/2019 11:11:43.902,2014,2120,2038
27/09/2019 11:11:43.912,2015,2122,2038
27/09/2019 11:11:43.922,2014,2122,2039
27/09/2019 11:11:43.932,2014,2122,2039
27/09/2019 11:11:43.942,2014,2121,2036
27/09/2019 11:11:43.952,2014,2121,2039
27/09/2019 11:11:43.962,2014,2122,2040
27/09/2019 11:11:43.972,2015,2122,2039
27/09/2019 11:11:43.982,2016,2122,2040
27/09/2019 11:11:43.992,2015,2121,2039
27/09/2019 11:11:44.002,2015,2122,2039
27/09/2019 11:11:44.012,2016,2123,2038
27/09/2019 11:11:44.022,2015,2124,2039
27/09/2019 11:11:44.032,2015,2122,2038
27/09/2019 11:11:44.042,2015,2123,2037
27/09/2019 11:11:44.052,2015,2123,2040
27/09/2019 11:11:44.062,2015,2124,2039
27/09/2019 11:11:44.072,2015,2122,2038
27/09/2019 11:11:44.082,2015,2122,2036
27/09/2019 11:11:44.092,2015,2124,2034
27/09/2019 11:11:44.102,2014,2121,2037
27/09/2019 11:11:44.112,2014,2122,2039
27/09/2019 11:11:44.122,2014,2121,2038
27/09/2019 11:11:44.132,2014,2120,2037
27/09/2019 11:11:44.142,2015,2121,2036
27/09/2019 11:11:44.152,2014,2122,2037
27/09/2019 11:11:44.162,2013,2121,2037
27/09/2019 11:11:44.172,2013,2122,2036
27/09/2019 11:11:44.182,2014,2120,2038
27/09/2019 11:11:44.192,2014,2121,2038
27/09/2019 11:11:44.202,2014,2119,2038
27/09/2019 11:11:44.212,2012,2124,2036
27/09/2019 11:11:44.222,2013,2122,2037
27/09/2019 11:11:44.232,2014,2123,2038
27/09/2019 11:11:44.242,2014,2123,2036
27/09/2019 11:11:44.252,2014,2125,2037
27/09/2019 11:11:44.262,2014,2121,2036
27/09/2019 11:11:44.272,2015,2124,2035
27/09/2019 11:11:44.282,2015,2123,2039
27/09/2019 11:11:44.292,2015,2121,2037
27/09/2019 11:11:44.302,2015,2123,2037
27/09/2019 11:11:44.312,2014,2124,2037
27/09/2019 11:11:44.322,2014,2123,2037
27/09/2019 11:11:44.332,2014,2124,2038
27/09/2019 11:11:44.342,2014,2126,2037
27/09/2019 11:11:44.352,2014,2123,2037
27/09/2019 11:11:44.362,2014,2123,2037
27/09/2019 11:11:44.372,2014,2121,2038
27/09/2019 11:11:44.382,2014,2123,2036
27/09/2019 11:11:44.392,2014,2123,2036
27/09/2019 11:11:44.402,2014,2122,2035
27/09/2019 11:11:44.412,2015,2122,2036
27/09/2019 11:11:44.422,2015,2122,2037
27/09/2019 11:11:44.432,2015,2123,2038
27/09/2019 11:11:44.442,2016,2123,2039
27/09/2019 11:11:44.452,2014,2123,2037
27/09/2019 11:11:44.462,2014,2124,2038
27/09/2019 11:11:44.472,2014,2123,2037
27/09/2019 11:11:44.482,2014,2123,2038
27/09/2019 11:11:44.492,2015,2123,2037
27/09/2019 11:11:44.502,2015,2120,2037
27/09/2019 11:11:44.512,2014,2120,2037
27/09/2019 11:11:44.522,2015,2120,2038
27/09/2019 11:11:44.532,2016,2120,2039
27/09/2019 11:11:44.542,2016,2121,2037
27/09/2019 11:11:44.552,2014,2121,2039
27/09/2019 11:11:44.562,2015,2123,2039
27/09/2019 11:11:44.572,2015,2125,2039
27/09/2019 11:11:44.582,2015,2125,2039
27/09/2019 11:11:44.592,2014,2123,2039
27/09/2019 11:11:44.602,2014,2124,2037
27/09/2019 11:11:44.612,2014,2124,2039
27/09/2019 11:11:44.622,2015,2122,2038
27/09/2019 11:11:44.632,2015,2122,2038
27/09/2019 11:11:44.642,2016,2123,2038
27/09/2019 11:11:44.652,2016,2124,2037
27/09/2019 11:11:44.662,2015,2122,2039
27/09/2019 11:11:44.672,2015,2121,2039
27/09/2019 11:11:44.682,2014,2123,2039
27/09/2019 11:11:44.692,2014,2123,2039
27/09/2019 11:11:44.702,2014,2122,2039
27/09/2019 11:11:44.712,2015,2123,2038
27/09/2019 11:11:44.722,2015,2123,2038
27/09/2019 11:11:44.732,2014,2123,2036
27/09/2019 11:11:44.742,2014,2125,2037
27/09/2019 11:11:44.752,2014,2125,2037
27/09/2019 11:11:44.762,2014,2125,2037
27/09/2019 11:11:44.772,2014,2125,2038
27/09/2019 11:11:44.782,2013,2124,2038
27/09/2019 11:11:44.792,2014,2123,2039
27/09/2019 11:11:44.802,2015,2123,2039
27/09/2019 11:11:44.812,2016,2119,2039
27/09/2019 11:11:44.822,2015,2122,2040
27/09/2019 11:11:44.832,2016,2121,2040
27/09/2019 11:11:44.842,2016,2121,2040
27/09/2019 11:11:44.852,2014,2119,2039
27/09/2019 11:11:44.862,2014,2119,2037
27/09/2019 11:11:44.872,2015,2123,2040
27/09/2019 11:11:44.882,2015,2124,2039
27/09/2019 11:11:44.892,2015,2125,2039
27/09/2019 11:11:44.902,2015,2125,2040
27/09/2019 11:11:44.912,2015,2124,2040
27/09/2019 11:11:44.922,2015,2122,2037
27/09/2019 11:11:44.932,2015,2120,2036
27/09/2019 11:11:44.942,2015,2122,2037
27/09/2019 11:11:44.952,2015,2124,2038
27/09/2019 11:11:44.962,2016,2122,2035
27/09/2019 11:11:44.972,2015,2120,2036
27/09/2019 11:11:44.982,2017,2121,2035
27/09/2019 11:11:44.992,2016,2123,2036
27/09/2019 11:11:45.002,2015,2124,2036
27/09/2019 11:11:45.012,2016,2122,2039
27/09/2019 11:11:45.022,2015,2122,2039
27/09/2019 11:11:45.032,2014,2123,2039
27/09/2019 11:11:45.042,2014,2124,2038
27/09/2019 11:11:45.052,2014,2123,2038
27/09/2019 11:11:45.062,2014,2123,2037
27/09/2019 11:11:45.072,2014,2126,2038
27/09/2019 11:11:45.082,2013,2125,2039
27/09/2019 11:11:45.092,2015,2125,2039
27/09/2019 11:11:45.102,2015,2123,2039
27/09/2019 11:11:45.112,2017,2125,2039
27/09/2019 11:11:45.122,2016,2122,2040
27/09/2019 11:11:45.132,2015,2121,2038
27/09/2019 11:11:45.142,2016,2120,2039
27/09/2019 11:11:45.152,2015,2121,2038
27/09/2019 11:11:45.162,2014,2123,2036
27/09/2019 11:11:45.172,2014,2121,2037
27/09/2019 11:11:45.182,2015,2123,2037
27/09/2019 11:11:45.192,2015,2125,2039
27/09/2019 11:11:45.202,2015,2124,2038
27/09/2019 11:11:45.212,2015,2124,2037
27/09/2019 11:11:45.222,2016,2124,2037
27/09/2019 11:11:45.232,2015,2122,2038
27/09/2019 11:11:45.242,2016,2121,2037
27/09/2019 11:11:45.252,2013,2120,2036
27/09/2019 11:11:45.262,2015,2123,2035
27/09/2019 11:11:45.272,2015,2122,2036
27/09/2019 11:11:45.282,2015,2122,2038
27/09/2019 11:11:45.292,2016,2121,2038
27/09/2019 11:11:45.302,2015,2123,2037
27/09/2019 11:11:45.312,2016,2126,2039
27/09/2019 11:11:45.322,2015,2123,2039
27/09/2019 11:11:45.332,2016,2125,2038
27/09/2019 11:11:45.342,2017,2126,2036
27/09/2019 11:11:45.352,2016,2126,2037
27/09/2019 11:11:45.362,2015,2124,2040
27/09/2019 11:11:45.372,2015,2123,2038
27/09/2019 11:11:45.382,2016,2124,2039
27/09/2019 11:11:45.392,2015,2124,2038
27/09/2019 11:11:45.402,2016,2122,2038
27/09/2019 11:11:45.412,2019,2121,2038
27/09/2019 11:11:45.422,2017,2122,2039
27/09/2019 11:11:45.432,2017,2122,2038
27/09/2019 11:11:45.442,2017,2124,2037
27/09/2019 11:11:45.452,2016,2122,2037
27/09/2019 11:11:45.462,2016,2122,2038
27/09/2019 11:11:45.472,2015,2124,2038
27/09/2019 11:11:45.482,2015,2124,2037
27/09/2019 11:11:45.492,2016,2122,2037
27/09/2019 11:11:45.502,2015,2122,2038
27/09/2019 11:11:45.512,2015,2120,2039
27/09/2019 11:11:45.522,2015,2122,2038
27/09/2019 11:11:45.532,2016,2123,2038
27/09/2019 11:11:45.542,2015,2124,2039
27/09/2019 11:11:45.552,2017,2124,2039
27/09/2019 11:11:45.562,2017,2123,2039
27/09/2019 11:11:45.572,2016,2124,2039
27/09/2019 11:11:45.582,2016,2122,2039
27/09/2019 11:11:45.592,2016,2122,2040
27/09/2019 11:11:45.602,2015,2121,2038
27/09/2019 11:11:45.612,2016,2125,2037
27/09/2019 11:11:45.622,2017,2126,2038
27/09/2019 11:11:45.632,2016,2123,2039
27/09/2019 11:11:45.642,2015,2124,2038
27/09/2019 11:11:45.652,2015,2124,2036
27/09/2019 11:11:45.662,2015,2126,2038
27/09/2019 11:11:45.672,2015,2126,2038
27/09/2019 11:11:45.682,2016,2124,2038
27/09/2019 11:11:45.692,2015,2123,2040
27/09/2019 11:11:45.702,2015,2122,2038
27/09/2019 11:11:45.712,2016,2122,2036
27/09/2019 11:11:45.722,2016,2121,2036
27/09/2019 11:11:45.732,2015,2122,2035
27/09/2019 11:11:45.742,2015,2122,2037
27/09/2019 11:11:45.752,2016,2123,2036
27/09/2019 11:11:45.762,2015,2122,2037
27/09/2019 11:11:45.772,2015,2125,2037
27/09/2019 11:11:45.782,2015,2123,2037
27/09/2019 11:11:45.792,2015,2122,2037
27/09/2019 11:11:45.802,2015,2121,2039
27/09/2019 11:11:45.812,2015,2120,2039
27/09/2019 11:11:45.822,2015,2120,2039
27/09/2019 11:11:45.832,2016,2120,2037
27/09/2019 11:11:45.842,2016,2120,2038
27/09/2019 11:11:45.852,2015,2120,2039
27/09/2019 11:11:45.862,2016,2122,2037
27/09/2019 11:11:45.872,2017,2123,2039
27/09/2019 11:11:45.882,2016,2125,2037
27/09/2019 11:11:45.892,2015,2123,2039
27/09/2019 11:11:45.902,2016,2123,2037
27/09/2019 11:11:45.912,2017,2125,2037
27/09/2019 11:11:45.922,2017,2126,2036
27/09/2019 11:11:45.932,2016,2123,2037
27/09/2019 11:11:45.942,2015,2121,2037
27/09/2019 11:11:45.952,2016,2122,2037
27/09/2019 11:11:45.962,2016,2124,2038
27/09/2019 11:11:45.972,2015,2124,2037
27/09/2019 11:11:45.982,2015,2122,2036
27/09/2019 11:11:45.992,2015,2124,2035
27/09/2019 11:11:46.002,2016,2124,2037
27/09/2019 11:11:46.012,2015,2123,2035
27/09/2019 11:11:46.022,2017,2124,2036
27/09/2019 11:11:46.032,2017,2124,2038
27/09/2019 11:11:46.042,2017,2124,2036
27/09/2019 11:11:46.052,2017,2125,2038
27/09/2019 11:11:46.062,2017,2126,2037
27/09/2019 11:11:46.072,2016,2124,2039
27/09/2019 11:11:46.082,2016,2125,2041
27/09/2019 11:11:46.092,2016,2125,2038
27/09/2019 11:11:46.102,2015,2125,2038
27/09/2019 11:11:46.112,2018,2122,2036
27/09/2019 11:11:46.122,2017,2123,2036
27/09/2019 11:11:46.132,2017,2123,2035
27/09/2019 11:11:46.142,2016,2125,2036
27/09/2019 11:11:46.152,2016,2124,2037
27/09/2019 11:11:46.162,2015,2125,2040
27/09/2019 11:11:46.172,2015,2125,2040
27/09/2019 11:11:46.182,2016,2125,2038
27/09/2019 11:11:46.192,2017,2124,2037
27/09/2019 11:11:46.202,2016,2122,2039
27/09/2019 11:11:46.212,2016,2125,2039
27/09/2019 11:11:46.222,2015,2125,2039
27/09/2019 11:11:46.232,2016,2125,2038
27/09/2019 11:11:46.242,2017,2125,2036
27/09/2019 11:11:46.252,2017,2126,2036
27/09/2019 11:11:46.262,2019,2125,2036
27/09/2019 11:11:46.272,2018,2123,2036
27/09/2019 11:11:46.282,2017,2124,2039
27/09/2019 11:11:46.292,2016,2124,2039
27/09/2019 11:11:46.302,2016,2124,2038
27/09/2019 11:11:46.312,2017,2124,2037
27/09/2019 11:11:46.322,2016,2125,2035
27/09/2019 11:11:46.332,2017,2122,2035
27/09/2019 11:11:46.342,2016,2124,2035
27/09/2019 11:11:46.352,2018,2124,2035
27/09/2019 11:11:46.362,2018,2125,2037
27/09/2019 11:11:46.372,2019,2125,2039
27/09/2019 11:11:46.382,2018,2125,2038
27/09/2019 11:11:46.392,2017,2126,2038
27/09/2019 11:11:46.402,2019,2124,2038
27/09/2019 11:11:46.412,2019,2125,2037
27/09/2019 11:11:46.422,2018,2125,2037
27/09/2019 11:11:46.432,2015,2123,2037
27/09/2019 11:11:46.442,2015,2125,2038
27/09/2019 11:11:46.452,2017,2127,2038
27/09/2019 11:11:46.462,2017,2126,2036
27/09/2019 11:11:46.472,2017,2125,2036
27/09/2019 11:11:46.482,2016,2124,2035
27/09/2019 11:11:46.492,2016,2124,2035
27/09/2019 11:11:46.502,2018,2124,2036
27/09/2019 11:11:46.512,2019,2124,2036
27/09/2019 11:11:46.522,2020,2123,2036
27/09/2019 11:11:46.532,2019,2124,2037
27/09/2019 11:11:46.542,2019,2124,2036
27/09/2019 11:11:46.552,2021,2124,2035
27/09/2019 11:11:46.562,2018,2124,2039
27/09/2019 11:11:46.572,2017,2123,2038
27/09/2019 11:11:46.582,2016,2124,2036
27/09/2019 11:11:46.592,2015,2124,2036
27/09/2019 11:11:46.602,2019,2125,2037
27/09/2019 11:11:46.612,2019,2125,2037
27/09/2019 11:11:46.622,2019,2127,2036
27/09/2019 11:11:46.632,2019,2125,2037
27/09/2019 11:11:46.642,2019,2126,2038
27/09/2019 11:11:46.652,2019,2126,2038
27/09/2019 11:11:46.662,2019,2127,2038
27/09/2019 11:11:46.672,2019,2126,2038
27/09/2019 11:11:46.682,2016,2122,2038
27/09/2019 11:11:46.692,2016,2122,2038
27/09/2019 11:11:46.702,2016,2125,2037
27/09/2019 11:11:46.712,2016,2124,2039
27/09/2019 11:11:46.722,2015,2124,2039
27/09/2019 11:11:46.732,2015,2126,2039
27/09/2019 11:11:46.742,2016,2125,2036
27/09/2019 11:11:46.752,2017,2126,2035
27/09/2019 11:11:46.762,2016,2125,2035
27/09/2019 11:11:46.772,2015,2126,2037
27/09/2019 11:11:46.782,2016,2124,2038
27/09/2019 11:11:46.792,2017,2126,2038
27/09/2019 11:11:46.802,2016,2123,2036
27/09/2019 11:11:46.812,2018,2124,2037
27/09/2019 11:11:46.822,2019,2125,2037
27/09/2019 11:11:46.832,2020,2125,2037
27/09/2019 11:11:46.842,2017,2124,2040
27/09/2019 11:11:46.852,2017,2125,2037
27/09/2019 11:11:46.862,2017,2125,2037
27/09/2019 11:11:46.872,2016,2126,2037
27/09/2019 11:11:46.882,2017,2124,2038
27/09/2019 11:11:46.892,2017,2124,2037
27/09/2019 11:11:46.902,2018,2124,2035
27/09/2019 11:11:46.912,2018,2122,2036
27/09/2019 11:11:46.922,2016,2125,2035
27/09/2019 11:11:46.932,2016,2126,2036
27/09/2019 11:11:46.942,2017,2125,2036
27/09/2019 11:11:46.952,2016,2125,2036
27/09/2019 11:11:46.962,2017,2125,2036
27/09/2019 11:11:46.972,2017,2125,2036
27/09/2019 11:11:46.982,2018,2125,2037
27/09/2019 11:11:46.992,2017,2125,2037
27/09/2019 11:11:47.002,2018,2127,2037
27/09/2019 11:11:47.012,2017,2127,2036
27/09/2019 11:11:47.022,2017,2126,2035
27/09/2019 11:11:47.032,2018,2125,2038
27/09/2019 11:11:47.042,2018,2124,2038
27/09/2019 11:11:47.052,2017,2124,2038
27/09/2019 11:11:47.062,2016,2125,2039
27/09/2019 11:11:47.072,2017,2126,2040
27/09/2019 11:11:47.082,2018,2124,2037
27/09/2019 11:11:47.092,2018,2123,2036
27/09/2019 11:11:47.102,2018,2124,2035
27/09/2019 11:11:47.112,2017,2125,2036
27/09/2019 11:11:47.122,2018,2123,2035
27/09/2019 11:11:47.132,2017,2124,2036
27/09/2019 11:11:47.142,2018,2122,2036
27/09/2019 11:11:47.152,2017,2124,2034
27/09/2019 11:11:47.162,2017,2126,2034
27/09/2019 11:11:47.172,2016,2124,2035
27/09/2019 11:11:47.182,2016,2122,2036
27/09/2019 11:11:47.192,2016,2125,2036
27/09/2019 11:11:47.202,2018,2126,2035
27/09/2019 11:11:47.212,2016,2125,2037
27/09/2019 11:11:47.222,2016,2125,2037
27/09/2019 11:11:47.232,2015,2127,2035
27/09/2019 11:11:47.242,2015,2127,2035
27/09/2019 11:11:47.252,2015,2125,2035
27/09/2019 11:11:47.262,2017,2124,2035
27/09/2019 11:11:47.272,2018,2125,2035
27/09/2019 11:11:47.282,2019,2126,2035
27/09/2019 11:11:47.292,2019,2123,2034
27/09/2019 11:11:47.302,2020,2126,2035
27/09/2019 11:11:47.312,2019,2124,2036
27/09/2019 11:11:47.322,2020,2125,2038
27/09/2019 11:11:47.332,2025,2120,2036
27/09/2019 11:11:47.342,2025,2121,2035
27/09/2019 11:11:47.352,2025,2120,2034
27/09/2019 11:11:47.362,2023,2124,2034
27/09/2019 11:11:47.372,2025,2124,2036
27/09/2019 11:11:47.382,2026,2124,2037
27/09/2019 11:11:47.392,2028,2125,2035
27/09/2019 11:11:47.402,2024,2126,2037
27/09/2019 11:11:47.412,2026,2124,2039
27/09/2019 11:11:47.422,2027,2124,2037
27/09/2019 11:11:47.432,2029,2126,2038
27/09/2019 11:11:47.442,2028,2126,2035
27/09/2019 11:11:47.452,2028,2127,2034
27/09/2019 11:11:47.462,2030,2122,2035
27/09/2019 11:11:47.472,2030,2123,2033
27/09/2019 11:11:47.482,2030,2125,2026
27/09/2019 11:11:47.492,2029,2128,2025
27/09/2019 11:11:47.502,2027,2127,2027
27/09/2019 11:11:47.512,2027,2126,2029
27/09/2019 11:11:47.522,2027,2124,2031
27/09/2019 11:11:47.532,2025,2127,2032
27/09/2019 11:11:47.542,2025,2128,2032
27/09/2019 11:11:47.552,2027,2128,2032
27/09/2019 11:11:47.562,2023,2128,2031
27/09/2019 11:11:47.572,2022,2125,2031
27/09/2019 11:11:47.582,2024,2126,2032
27/09/2019 11:11:47.592,2027,2126,2032
27/09/2019 11:11:47.602,2028,2127,2032
27/09/2019 11:11:47.612,2027,2126,2030
27/09/2019 11:11:47.622,2027,2126,2029
27/09/2019 11:11:47.632,2026,2124,2031
27/09/2019 11:11:47.642,2027,2124,2032
27/09/2019 11:11:47.652,2028,2125,2032
27/09/2019 11:11:47.662,2028,2126,2032
27/09/2019 11:11:47.672,2027,2127,2030
27/09/2019 11:11:47.682,2026,2128,2028
27/09/2019 11:11:47.692,2028,2126,2029
27/09/2019 11:11:47.702,2025,2128,2029
27/09/2019 11:11:47.712,2028,2127,2029
27/09/2019 11:11:47.722,2028,2127,2031
27/09/2019 11:11:47.732,2027,2125,2032
27/09/2019 11:11:47.742,2028,2124,2031
27/09/2019 11:11:47.752,2028,2124,2031
27/09/2019 11:11:47.762,2028,2122,2029
27/09/2019 11:11:47.772,2027,2122,2030
27/09/2019 11:11:47.782,2026,2118,2028
27/09/2019 11:11:47.792,2027,2118,2028
27/09/2019 11:11:47.802,2028,2116,2030
27/09/2019 11:11:47.812,2028,2118,2030
27/09/2019 11:11:47.822,2027,2117,2027
27/09/2019 11:11:47.832,2028,2119,2030
27/09/2019 11:11:47.842,2029,2117,2028
27/09/2019 11:11:47.852,2030,2119,2029
27/09/2019 11:11:47.862,2030,2122,2027
27/09/2019 11:11:47.872,2030,2123,2024
27/09/2019 11:11:47.882,2030,2123,2023
27/09/2019 11:11:47.892,2029,2123,2024
27/09/2019 11:11:47.902,2029,2124,2021
27/09/2019 11:11:47.912,2028,2123,2024
27/09/2019 11:11:47.922,2029,2123,2021
27/09/2019 11:11:47.932,2030,2123,2026
27/09/2019 11:11:47.942,2030,2121,2025
27/09/2019 11:11:47.952,2030,2123,2027
27/09/2019 11:11:47.962,2030,2121,2024
27/09/2019 11:11:47.972,2030,2123,2023
27/09/2019 11:11:47.982,2030,2121,2024
27/09/2019 11:11:47.992,2031,2124,2023
27/09/2019 11:11:48.002,2031,2124,2022
27/09/2019 11:11:48.012,2031,2124,2021
27/09/2019 11:11:48.022,2032,2125,2021
27/09/2019 11:11:48.032,2031,2125,2022
27/09/2019 11:11:48.042,2031,2125,2022
27/09/2019 11:11:48.052,2032,2127,2023
27/09/2019 11:11:48.062,2031,2127,2023
27/09/2019 11:11:48.072,2033,2128,2021
27/09/2019 11:11:48.082,2032,2128,2020
27/09/2019 11:11:48.092,2031,2128,2019
27/09/2019 11:11:48.102,2032,2127,2018
27/09/2019 11:11:48.112,2032,2127,2018
27/09/2019 11:11:48.122,2033,2127,2021
27/09/2019 11:11:48.132,2035,2128,2020
27/09/2019 11:11:48.142,2036,2127,2019
27/09/2019 11:11:48.152,2034,2126,2018
27/09/2019 11:11:48.162,2033,2123,2018
27/09/2019 11:11:48.172,2033,2126,2020
27/09/2019 11:11:48.182,2031,2131,2020
27/09/2019 11:11:48.192,2031,2130,2019
27/09/2019 11:11:48.202,2028,2142,2020
27/09/2019 11:11:48.212,2029,2133,2018
27/09/2019 11:11:48.222,2030,2131,2017
27/09/2019 11:11:48.232,2029,2130,2019
27/09/2019 11:11:48.242,2029,2129,2019
27/09/2019 11:11:48.252,2030,2128,2020
27/09/2019 11:11:48.262,2028,2125,2021
27/09/2019 11:11:48.272,2029,2124,2022
27/09/2019 11:11:48.282,2029,2124,2022
27/09/2019 11:11:48.292,2029,2126,2022
27/09/2019 11:11:48.302,2030,2121,2023
27/09/2019 11:11:48.312,2029,2124,2023
27/09/2019 11:11:48.322,2030,2125,2021
27/09/2019 11:11:48.332,2029,2126,2023
27/09/2019 11:11:48.342,2029,2126,2023
27/09/2019 11:11:48.352,2028,2125,2026
27/09/2019 11:11:48.362,2029,2121,2024
27/09/2019 11:11:48.372,2028,2125,2026
27/09/2019 11:11:48.382,2029,2124,2028
27/09/2019 11:11:48.392,2030,2124,2027
27/09/2019 11:11:48.402,2030,2124,2026
27/09/2019 11:11:48.412,2030,2126,2027
27/09/2019 11:11:48.422,2030,2126,2029
27/09/2019 11:11:48.432,2030,2126,2028
27/09/2019 11:11:48.442,2030,2124,2029
27/09/2019 11:11:48.452,2030,2122,2027
27/09/2019 11:11:48.462,2030,2123,2023
27/09/2019 11:11:48.472,2030,2125,2021
27/09/2019 11:11:48.482,2030,2127,2023
27/09/2019 11:11:48.492,2030,2128,2022
27/09/2019 11:11:48.502,2030,2128,2025
27/09/2019 11:11:48.512,2030,2129,2026
27/09/2019 11:11:48.522,2030,2128,2027
27/09/2019 11:11:48.532,2030,2128,2028
27/09/2019 11:11:48.542,2030,2128,2023
27/09/2019 11:11:48.552,2030,2127,2028
27/09/2019 11:11:48.562,2030,2125,2030
27/09/2019 11:11:48.572,2030,2120,2030
27/09/2019 11:11:48.582,2030,2116,2031
27/09/2019 11:11:48.592,2030,2114,2032
27/09/2019 11:11:48.602,2030,2117,2032
27/09/2019 11:11:48.612,2029,2117,2033
27/09/2019 11:11:48.622,2030,2115,2035
27/09/2019 11:11:48.632,2027,2114,2035
27/09/2019 11:11:48.642,2028,2113,2034
27/09/2019 11:11:48.652,2029,2117,2034
27/09/2019 11:11:48.662,2026,2119,2035
27/09/2019 11:11:48.672,2023,2123,2034
27/09/2019 11:11:48.682,2024,2124,2035
27/09/2019 11:11:48.692,2026,2122,2036
27/09/2019 11:11:48.702,2027,2124,2036
27/09/2019 11:11:48.712,2028,2126,2038
27/09/2019 11:11:48.722,2027,2127,2040
27/09/2019 11:11:48.732,2028,2128,2039
27/09/2019 11:11:48.742,2026,2128,2039
27/09/2019 11:11:48.752,2026,2129,2040
27/09/2019 11:11:48.762,2025,2130,2040
27/09/2019 11:11:48.772,2027,2128,2039
27/09/2019 11:11:48.782,2028,2127,2039
27/09/2019 11:11:48.792,2027,2126,2039
27/09/2019 11:11:48.802,2026,2126,2038
27/09/2019 11:11:48.812,2023,2125,2038
27/09/2019 11:11:48.822,2021,2124,2036
27/09/2019 11:11:48.832,2020,2129,2040
27/09/2019 11:11:48.842,2024,2123,2039
27/09/2019 11:11:48.852,2027,2121,2040
27/09/2019 11:11:48.862,2025,2124,2039
27/09/2019 11:11:48.872,2026,2122,2041
27/09/2019 11:11:48.882,2021,2124,2043
27/09/2019 11:11:48.892,2021,2125,2046
27/09/2019 11:11:48.902,2020,2127,2046
27/09/2019 11:11:48.912,2022,2129,2045
27/09/2019 11:11:48.922,2022,2129,2047
27/09/2019 11:11:48.932,2023,2128,2046
27/09/2019 11:11:48.942,2021,2127,2046
27/09/2019 11:11:48.952,2018,2127,2048
27/09/2019 11:11:48.962,2017,2127,2046
27/09/2019 11:11:48.972,2019,2126,2048
27/09/2019 11:11:48.982,2018,2127,2048
27/09/2019 11:11:48.992,2017,2127,2050
27/09/2019 11:11:49.002,2019,2128,2051
27/09/2019 11:11:49.012,2018,2128,2054
27/09/2019 11:11:49.022,2018,2128,2053
27/09/2019 11:11:49.032,2020,2128,2051
27/09/2019 11:11:49.042,2020,2130,2051
27/09/2019 11:11:49.052,2017,2129,2052
27/09/2019 11:11:49.062,2018,2130,2052
27/09/2019 11:11:49.072,2021,2130,2049
27/09/2019 11:11:49.082,2019,2129,2048
27/09/2019 11:11:49.092,2022,2129,2051
27/09/2019 11:11:49.102,2022,2128,2050
27/09/2019 11:11:49.112,2020,2128,2050
27/09/2019 11:11:49.122,2020,2127,2048
27/09/2019 11:11:49.132,2020,2126,2047
27/09/2019 11:11:49.142,2022,2128,2049
27/09/2019 11:11:49.152,2024,2128,2047
27/09/2019 11:11:49.162,2024,2128,2045
27/09/2019 11:11:49.172,2024,2131,2047
27/09/2019 11:11:49.182,2024,2130,2046
27/09/2019 11:11:49.192,2022,2128,2048
27/09/2019 11:11:49.202,2025,2128,2048
27/09/2019 11:11:49.212,2026,2127,2049
27/09/2019 11:11:49.222,2026,2128,2048
27/09/2019 11:11:49.232,2024,2128,2046
27/09/2019 11:11:49.242,2024,2128,2045
27/09/2019 11:11:49.252,2024,2129,2044
27/09/2019 11:11:49.262,2024,2129,2044
27/09/2019 11:11:49.272,2026,2129,2044
27/09/2019 11:11:49.282,2022,2127,2043
27/09/2019 11:11:49.292,2024,2126,2042
27/09/2019 11:11:49.302,2027,2126,2041
27/09/2019 11:11:49.312,2027,2125,2043
27/09/2019 11:11:49.322,2020,2125,2045
27/09/2019 11:11:49.332,2021,2125,2042
27/09/2019 11:11:49.342,2025,2124,2042
27/09/2019 11:11:49.352,2024,2122,2041
27/09/2019 11:11:49.362,2024,2122,2041
27/09/2019 11:11:49.372,2024,2122,2041
27/09/2019 11:11:49.382,2024,2124,2041
27/09/2019 11:11:49.392,2025,2124,2040
27/09/2019 11:11:49.402,2027,2126,2045
27/09/2019 11:11:49.412,2027,2126,2045
27/09/2019 11:11:49.422,2027,2123,2045
27/09/2019 11:11:49.432,2027,2124,2043
27/09/2019 11:11:49.442,2028,2124,2041
27/09/2019 11:11:49.452,2028,2124,2041
27/09/2019 11:11:49.462,2025,2125,2040
27/09/2019 11:11:49.472,2025,2124,2036
27/09/2019 11:11:49.482,2025,2123,2035
27/09/2019 11:11:49.492,2028,2126,2035
27/09/2019 11:11:49.502,2028,2125,2035
27/09/2019 11:11:49.512,2026,2124,2036
27/09/2019 11:11:49.522,2027,2123,2037
27/09/2019 11:11:49.532,2025,2123,2036
27/09/2019 11:11:49.542,2024,2124,2036
27/09/2019 11:11:49.552,2024,2121,2035
27/09/2019 11:11:49.562,2022,2123,2036
27/09/2019 11:11:49.572,2023,2121,2034
27/09/2019 11:11:49.582,2023,2119,2034
27/09/2019 11:11:49.592,2021,2119,2034
27/09/2019 11:11:49.602,2020,2120,2034
27/09/2019 11:11:49.612,2020,2120,2036
27/09/2019 11:11:49.622,2020,2121,2035
27/09/2019 11:11:49.632,2019,2125,2037
27/09/2019 11:11:49.642,2023,2126,2036
27/09/2019 11:11:49.652,2022,2125,2036
27/09/2019 11:11:49.662,2020,2125,2035
27/09/2019 11:11:49.672,2021,2126,2036
27/09/2019 11:11:49.682,2021,2126,2034
27/09/2019 11:11:49.692,2024,2126,2036
27/09/2019 11:11:49.702,2025,2127,2035
27/09/2019 11:11:49.712,2023,2127,2036
27/09/2019 11:11:49.722,2023,2128,2035
27/09/2019 11:11:49.732,2025,2128,2034
27/09/2019 11:11:49.742,2023,2127,2034
27/09/2019 11:11:49.752,2023,2127,2034
27/09/2019 11:11:49.762,2024,2125,2034
27/09/2019 11:11:49.772,2022,2122,2033
27/09/2019 11:11:49.782,2022,2121,2035
27/09/2019 11:11:49.792,2022,2121,2035
27/09/2019 11:11:49.802,2024,2123,2035
27/09/2019 11:11:49.812,2026,2125,2034
27/09/2019 11:11:49.822,2025,2123,2034
27/09/2019 11:11:49.832,2025,2125,2034
27/09/2019 11:11:49.842,2024,2124,2033
27/09/2019 11:11:49.852,2022,2124,2034
27/09/2019 11:11:49.862,2020,2125,2034
27/09/2019 11:11:49.872,2021,2125,2033
27/09/2019 11:11:49.882,2022,2125,2033
27/09/2019 11:11:49.892,2019,2126,2033
27/09/2019 11:11:49.902,2019,2122,2033
27/09/2019 11:11:49.912,2022,2124,2033
27/09/2019 11:11:49.922,2020,2125,2033
27/09/2019 11:11:49.932,2019,2127,2034
27/09/2019 11:11:49.942,2019,2127,2033
27/09/2019 11:11:49.952,2020,2124,2033
27/09/2019 11:11:49.962,2019,2125,2033
27/09/2019 11:11:49.972,2017,2123,2033
27/09/2019 11:11:49.982,2019,2124,2033
27/09/2019 11:11:49.992,2022,2126,2034
27/09/2019 11:11:50.002,2020,2126,2033
27/09/2019 11:11:50.012,2020,2125,2033
27/09/2019 11:11:50.022,2022,2124,2032
27/09/2019 11:11:50.032,2021,2122,2031
27/09/2019 11:11:50.042,2020,2122,2032
27/09/2019 11:11:50.052,2018,2124,2032
27/09/2019 11:11:50.062,2020,2123,2032
27/09/2019 11:11:50.072,2020,2126,2032
27/09/2019 11:11:50.082,2017,2126,2032
27/09/2019 11:11:50.092,2020,2125,2032
27/09/2019 11:11:50.102,2019,2125,2032
27/09/2019 11:11:50.112,2019,2125,2032
27/09/2019 11:11:50.122,2020,2124,2032
27/09/2019 11:11:50.132,2019,2124,2032
27/09/2019 11:11:50.142,2019,2123,2032
27/09/2019 11:11:50.152,2019,2124,2033
27/09/2019 11:11:50.162,2020,2123,2033
27/09/2019 11:11:50.172,2018,2124,2033
27/09/2019 11:11:50.182,2019,2123,2033
27/09/2019 11:11:50.192,2022,2123,2033
27/09/2019 11:11:50.202,2020,2120,2033
27/09/2019 11:11:50.212,2019,2123,2034
27/09/2019 11:11:50.222,2018,2122,2033
27/09/2019 11:11:50.232,2018,2121,2033
27/09/2019 11:11:50.242,2016,2122,2034
27/09/2019 11:11:50.252,2015,2120,2033
27/09/2019 11:11:50.262,2015,2120,2034
27/09/2019 11:11:50.272,2016,2122,2033
27/09/2019 11:11:50.282,2017,2124,2033
27/09/2019 11:11:50.292,2017,2124,2034
27/09/2019 11:11:50.302,2018,2124,2034
27/09/2019 11:11:50.312,2019,2124,2033
27/09/2019 11:11:50.322,2020,2125,2033
27/09/2019 11:11:50.332,2018,2124,2033
27/09/2019 11:11:50.342,2019,2124,2033
27/09/2019 11:11:50.352,2018,2125,2034
27/09/2019 11:11:50.362,2019,2125,2034
27/09/2019 11:11:50.372,2018,2125,2034
27/09/2019 11:11:50.382,2016,2125,2033
27/09/2019 11:11:50.392,2016,2124,2033
27/09/2019 11:11:50.402,2019,2123,2033
27/09/2019 11:11:50.412,2019,2123,2033
27/09/2019 11:11:50.422,2021,2123,2033
27/09/2019 11:11:50.432,2023,2126,2033
27/09/2019 11:11:50.442,2020,2126,2034
27/09/2019 11:11:50.452,2018,2124,2033
27/09/2019 11:11:50.462,2017,2125,2033
27/09/2019 11:11:50.472,2018,2125,2033
27/09/2019 11:11:50.482,2019,2126,2034
27/09/2019 11:11:50.492,2022,2124,2033
27/09/2019 11:11:50.502,2020,2125,2034
27/09/2019 11:11:50.512,2018,2127,2035
27/09/2019 11:11:50.522,2019,2126,2034
27/09/2019 11:11:50.532,2019,2125,2033
27/09/2019 11:11:50.542,2019,2125,2033
27/09/2019 11:11:50.552,2021,2123,2033
27/09/2019 11:11:50.562,2021,2125,2034
27/09/2019 11:11:50.572,2022,2125,2032
27/09/2019 11:11:50.582,2021,2127,2032
27/09/2019 11:11:50.592,2021,2126,2032
27/09/2019 11:11:50.602,2023,2127,2033
27/09/2019 11:11:50.612,2022,2128,2033
27/09/2019 11:11:50.622,2019,2128,2034
27/09/2019 11:11:50.632,2021,2124,2033
27/09/2019 11:11:50.642,2020,2126,2033
27/09/2019 11:11:50.652,2019,2126,2034
27/09/2019 11:11:50.662,2021,2125,2033
27/09/2019 11:11:50.672,2022,2123,2033
27/09/2019 11:11:50.682,2020,2125,2034
27/09/2019 11:11:50.692,2022,2127,2034
27/09/2019 11:11:50.702,2021,2125,2033
27/09/2019 11:11:50.712,2020,2124,2034
27/09/2019 11:11:50.722,2018,2121,2033
27/09/2019 11:11:50.732,2019,2124,2034
27/09/2019 11:11:50.742,2019,2124,2033
27/09/2019 11:11:50.752,2021,2123,2033
27/09/2019 11:11:50.762,2020,2125,2034
27/09/2019 11:11:50.772,2019,2126,2034
27/09/2019 11:11:50.782,2019,2125,2033
27/09/2019 11:11:50.792,2018,2127,2035
27/09/2019 11:11:50.802,2019,2127,2034
27/09/2019 11:11:50.812,2020,2128,2033
27/09/2019 11:11:50.822,2019,2126,2033
27/09/2019 11:11:50.832,2018,2125,2033
27/09/2019 11:11:50.842,2019,2124,2033
27/09/2019 11:11:50.852,2019,2123,2033
27/09/2019 11:11:50.862,2019,2124,2033
27/09/2019 11:11:50.872,2018,2123,2033
27/09/2019 11:11:50.882,2017,2123,2034
27/09/2019 11:11:50.892,2019,2124,2035
27/09/2019 11:11:50.902,2019,2126,2034
27/09/2019 11:11:50.912,2020,2126,2034
27/09/2019 11:11:50.922,2018,2125,2033
27/09/2019 11:11:50.932,2017,2126,2033
27/09/2019 11:11:50.942,2018,2125,2035
27/09/2019 11:11:50.952,2018,2126,2034
27/09/2019 11:11:50.962,2019,2124,2033
27/09/2019 11:11:50.972,2018,2123,2033
27/09/2019 11:11:50.982,2018,2125,2033
27/09/2019 11:11:50.992,2018,2123,2033
27/09/2019 11:11:51.002,2017,2123,2033
27/09/2019 11:11:51.012,2020,2121,2033
27/09/2019 11:11:51.022,2019,2121,2033
27/09/2019 11:11:51.032,2021,2122,2033
27/09/2019 11:11:51.042,2022,2125,2034
27/09/2019 11:11:51.052,2021,2127,2033
27/09/2019 11:11:51.062,2019,2127,2033
27/09/2019 11:11:51.072,2018,2127,2033
27/09/2019 11:11:51.082,2017,2127,2033
27/09/2019 11:11:51.092,2019,2124,2033
27/09/2019 11:11:51.102,2021,2123,2034
27/09/2019 11:11:51.112,2021,2123,2033
27/09/2019 11:11:51.122,2021,2124,2033
27/09/2019 11:11:51.132,2021,2123,2034
27/09/2019 11:11:51.142,2022,2123,2033
27/09/2019 11:11:51.152,2021,2123,2032
27/09/2019 11:11:51.162,2022,2125,2033
27/09/2019 11:11:51.172,2021,2124,2034
27/09/2019 11:11:51.182,2021,2123,2033
27/09/2019 11:11:51.192,2023,2125,2033
27/09/2019 11:11:51.202,2021,2126,2033
27/09/2019 11:11:51.212,2018,2126,2032
27/09/2019 11:11:51.222,2020,2123,2032
27/09/2019 11:11:51.232,2021,2126,2033
27/09/2019 11:11:51.242,2021,2124,2033
27/09/2019 11:11:51.252,2020,2123,2033
27/09/2019 11:11:51.262,2019,2123,2033
27/09/2019 11:11:51.272,2019,2123,2033
27/09/2019 11:11:51.282,2020,2125,2034
27/09/2019 11:11:51.292,2021,2125,2033
27/09/2019 11:11:51.302,2020,2125,2034
27/09/2019 11:11:51.312,2022,2125,2033
27/09/2019 11:11:51.322,2021,2126,2033
27/09/2019 11:11:51.332,2022,2124,2033
27/09/2019 11:11:51.342,2023,2124,2033
27/09/2019 11:11:51.352,2023,2125,2034
27/09/2019 11:11:51.362,2023,2126,2033
27/09/2019 11:11:51.372,2020,2123,2033
27/09/2019 11:11:51.382,2019,2124,2033
27/09/2019 11:11:51.392,2019,2122,2033
27/09/2019 11:11:51.402,2019,2122,2033
27/09/2019 11:11:51.412,2018,2124,2033
27/09/2019 11:11:51.422,2021,2125,2034
27/09/2019 11:11:51.432,2021,2126,2034
27/09/2019 11:11:51.442,2023,2124,2033
27/09/2019 11:11:51.452,2022,2125,2034
27/09/2019 11:11:51.462,2020,2125,2033
27/09/2019 11:11:51.472,2021,2126,2033
27/09/2019 11:11:51.482,2022,2126,2033
27/09/2019 11:11:51.492,2021,2125,2033
27/09/2019 11:11:51.502,2022,2125,2033
27/09/2019 11:11:51.512,2021,2125,2033
27/09/2019 11:11:51.522,2024,2124,2033
27/09/2019 11:11:51.532,2022,2125,2034
27/09/2019 11:11:51.542,2019,2126,2033
27/09/2019 11:11:51.552,2020,2124,2033
27/09/2019 11:11:51.562,2021,2123,2033
27/09/2019 11:11:51.572,2023,2125,2033
27/09/2019 11:11:51.582,2022,2127,2033
27/09/2019 11:11:51.592,2022,2124,2033
27/09/2019 11:11:51.602,2022,2125,2034
27/09/2019 11:11:51.612,2021,2126,2034
27/09/2019 11:11:51.622,2021,2127,2034
27/09/2019 11:11:51.632,2022,2126,2033
27/09/2019 11:11:51.642,2024,2124,2034
27/09/2019 11:11:51.652,2023,2121,2033
27/09/2019 11:11:51.662,2021,2123,2034
27/09/2019 11:11:51.672,2019,2125,2035
27/09/2019 11:11:51.682,2020,2124,2034
27/09/2019 11:11:51.692,2022,2123,2033
27/09/2019 11:11:51.702,2021,2124,2033
27/09/2019 11:11:51.712,2021,2123,2033
27/09/2019 11:11:51.722,2022,2124,2033
27/09/2019 11:11:51.732,2023,2125,2033
27/09/2019 11:11:51.742,2025,2125,2033
27/09/2019 11:11:51.752,2024,2126,2033
27/09/2019 11:11:51.762,2022,2125,2033
27/09/2019 11:11:51.772,2019,2124,2034
27/09/2019 11:11:51.782,2021,2126,2033
27/09/2019 11:11:51.792,2021,2126,2033
27/09/2019 11:11:51.802,2020,2121,2035
27/09/2019 11:11:51.812,2018,2125,2034
27/09/2019 11:11:51.822,2019,2124,2033
27/09/2019 11:11:51.832,2020,2125,2034
27/09/2019 11:11:51.842,2019,2125,2034
27/09/2019 11:11:51.852,2022,2125,2033
27/09/2019 11:11:51.862,2021,2127,2033
27/09/2019 11:11:51.872,2021,2127,2033
27/09/2019 11:11:51.882,2023,2126,2034
27/09/2019 11:11:51.892,2022,2126,2033
27/09/2019 11:11:51.902,2020,2127,2033
27/09/2019 11:11:51.912,2021,2127,2034
27/09/2019 11:11:51.922,2023,2127,2033
27/09/2019 11:11:51.932,2024,2126,2033
27/09/2019 11:11:51.942,2023,2124,2033
27/09/2019 11:11:51.952,2022,2125,2033
27/09/2019 11:11:51.962,2022,2125,2033
27/09/2019 11:11:51.972,2021,2124,2033
27/09/2019 11:11:51.982,2024,2122,2033
27/09/2019 11:11:51.992,2024,2124,2033
27/09/2019 11:11:52.002,2022,2125,2034
27/09/2019 11:11:52.012,2021,2128,2033
27/09/2019 11:11:52.022,2018,2125,2034
27/09/2019 11:11:52.032,2019,2124,2033
27/09/2019 11:11:52.042,2021,2124,2034
27/09/2019 11:11:52.052,2023,2126,2034
27/09/2019 11:11:52.062,2025,2124,2033
27/09/2019 11:11:52.072,2025,2127,2034
27/09/2019 11:11:52.082,2024,2126,2033
27/09/2019 11:11:52.092,2024,2126,2033
27/09/2019 11:11:52.102,2022,2126,2033
27/09/2019 11:11:52.112,2025,2123,2034
27/09/2019 11:11:52.122,2020,2123,2034
27/09/2019 11:11:52.132,2020,2123,2034
27/09/2019 11:11:52.142,2020,2124,2035
27/09/2019 11:11:52.152,2020,2126,2034
27/09/2019 11:11:52.162,2021,2124,2033
27/09/2019 11:11:52.172,2021,2124,2033
27/09/2019 11:11:52.182,2023,2122,2033
27/09/2019 11:11:52.192,2021,2123,2033
27/09/2019 11:11:52.202,2020,2127,2033
27/09/2019 11:11:52.212,2020,2127,2033
27/09/2019 11:11:52.222,2019,2127,2033
27/09/2019 11:11:52.232,2022,2127,2033
27/09/2019 11:11:52.242,2021,2127,2033
27/09/2019 11:11:52.252,2023,2128,2033
27/09/2019 11:11:52.262,2023,2127,2033
27/09/2019 11:11:52.272,2024,2128,2034
27/09/2019 11:11:52.282,2021,2126,2033
27/09/2019 11:11:52.292,2021,2126,2034
27/09/2019 11:11:52.302,2021,2124,2033
27/09/2019 11:11:52.312,2021,2125,2034
27/09/2019 11:11:52.322,2024,2125,2033
27/09/2019 11:11:52.332,2024,2125,2033
27/09/2019 11:11:52.342,2021,2126,2033
27/09/2019 11:11:52.352,2023,2127,2034
27/09/2019 11:11:52.362,2023,2126,2033
27/09/2019 11:11:52.372,2024,2125,2033
27/09/2019 11:11:52.382,2022,2125,2035
27/09/2019 11:11:52.392,2020,2126,2034
27/09/2019 11:11:52.402,2020,2126,2034
27/09/2019 11:11:52.412,2019,2125,2033
27/09/2019 11:11:52.422,2022,2125,2033
27/09/2019 11:11:52.432,2021,2125,2033
27/09/2019 11:11:52.442,2023,2123,2034
27/09/2019 11:11:52.452,2021,2124,2034
27/09/2019 11:11:52.462,2024,2123,2033
27/09/2019 11:11:52.472,2024,2126,2033
27/09/2019 11:11:52.482,2023,2126,2033
27/09/2019 11:11:52.492,2023,2124,2033
27/09/2019 11:11:52.502,2022,2126,2033
27/09/2019 11:11:52.512,2024,2125,2033
27/09/2019 11:11:52.522,2021,2124,2033
27/09/2019 11:11:52.532,2024,2125,2033
27/09/2019 11:11:52.542,2022,2124,2033
27/09/2019 11:11:52.552,2022,2124,2033
27/09/2019 11:11:52.562,2023,2126,2033
27/09/2019 11:11:52.572,2022,2126,2033
27/09/2019 11:11:52.582,2022,2121,2033
27/09/2019 11:11:52.592,2021,2125,2033
27/09/2019 11:11:52.602,2022,2125,2034
27/09/2019 11:11:52.612,2024,2126,2033
27/09/2019 11:11:52.622,2021,2125,2033
27/09/2019 11:11:52.632,2022,2127,2033
27/09/2019 11:11:52.642,2019,2126,2033
27/09/2019 11:11:52.652,2020,2126,2034
27/09/2019 11:11:52.662,2023,2124,2033
27/09/2019 11:11:52.672,2022,2125,2033
27/09/2019 11:11:52.682,2021,2124,2033
27/09/2019 11:11:52.692,2022,2124,2033
27/09/2019 11:11:52.702,2026,2125,2033
27/09/2019 11:11:52.712,2026,2125,2034
27/09/2019 11:11:52.722,2025,2125,2034
27/09/2019 11:11:52.732,2024,2122,2034
27/09/2019 11:11:52.742,2022,2124,2033
27/09/2019 11:11:52.752,2025,2125,2033
27/09/2019 11:11:52.762,2026,2124,2034
27/09/2019 11:11:52.772,2022,2124,2033
27/09/2019 11:11:52.782,2026,2125,2033
27/09/2019 11:11:52.792,2024,2126,2033
27/09/2019 11:11:52.802,2022,2126,2034
27/09/2019 11:11:52.812,2025,2126,2034
27/09/2019 11:11:52.822,2025,2126,2033
27/09/2019 11:11:52.832,2026,2126,2033
27/09/2019 11:11:52.842,2022,2125,2033
27/09/2019 11:11:52.852,2022,2125,2033
27/09/2019 11:11:52.862,2024,2126,2034
27/09/2019 11:11:52.872,2023,2126,2033
27/09/2019 11:11:52.882,2022,2125,2033
27/09/2019 11:11:52.892,2024,2126,2033
27/09/2019 11:11:52.902,2023,2123,2033
27/09/2019 11:11:52.912,2022,2125,2033
27/09/2019 11:11:52.922,2023,2127,2034
27/09/2019 11:11:52.932,2024,2127,2034
27/09/2019 11:11:52.942,2025,2126,2033
27/09/2019 11:11:52.952,2025,2126,2033
27/09/2019 11:11:52.962,2025,2125,2033
27/09/2019 11:11:52.972,2026,2126,2033
27/09/2019 11:11:52.982,2027,2126,2033
27/09/2019 11:11:52.992,2026,2126,2033
27/09/2019 11:11:53.002,2023,2125,2034
27/09/2019 11:11:53.012,2024,2126,2033
27/09/2019 11:11:53.022,2024,2127,2034
27/09/2019 11:11:53.032,2022,2128,2034
27/09/2019 11:11:53.042,2023,2127,2033
27/09/2019 11:11:53.052,2024,2128,2033
27/09/2019 11:11:53.062,2024,2126,2033
27/09/2019 11:11:53.072,2024,2126,2033
27/09/2019 11:11:53.082,2025,2124,2033
27/09/2019 11:11:53.092,2023,2125,2033
27/09/2019 11:11:53.102,2025,2127,2034
27/09/2019 11:11:53.112,2022,2125,2033
27/09/2019 11:11:53.122,2023,2126,2033
27/09/2019 11:11:53.132,2020,2126,2033
27/09/2019 11:11:53.142,2021,2125,2033
27/09/2019 11:11:53.152,2022,2126,2033
27/09/2019 11:11:53.162,2024,2126,2034
27/09/2019 11:11:53.172,2023,2126,2033
27/09/2019 11:11:53.182,2024,2125,2033
27/09/2019 11:11:53.192,2022,2127,2033
27/09/2019 11:11:53.202,2023,2126,2033
27/09/2019 11:11:53.212,2022,2125,2033
27/09/2019 11:11:53.222,2021,2126,2033
27/09/2019 11:11:53.232,2022,2125,2034
27/09/2019 11:11:53.242,2023,2126,2033
27/09/2019 11:11:53.252,2022,2126,2033
27/09/2019 11:11:53.262,2023,2126,2033
27/09/2019 11:11:53.272,2023,2123,2034
27/09/2019 11:11:53.282,2023,2126,2034
27/09/2019 11:11:53.292,2025,2126,2033
27/09/2019 11:11:53.302,2025,2125,2033
27/09/2019 11:11:53.312,2023,2127,2034
27/09/2019 11:11:53.322,2023,2127,2033
27/09/2019 11:11:53.332,2024,2127,2033
27/09/2019 11:11:53.342,2021,2126,2033
27/09/2019 11:11:53.352,2023,2126,2033
27/09/2019 11:11:53.362,2023,2126,2033
27/09/2019 11:11:53.372,2024,2126,2035
27/09/2019 11:11:53.382,2025,2126,2035
27/09/2019 11:11:53.392,2024,2125,2034
27/09/2019 11:11:53.402,2024,2124,2034
27/09/2019 11:11:53.412,2025,2125,2033
27/09/2019 11:11:53.422,2024,2126,2033
27/09/2019 11:11:53.432,2023,2125,2033
27/09/2019 11:11:53.442,2023,2124,2033
27/09/2019 11:11:53.452,2023,2124,2033
27/09/2019 11:11:53.462,2025,2124,2033
27/09/2019 11:11:53.472,2023,2125,2033
27/09/2019 11:11:53.482,2021,2125,2033
27/09/2019 11:11:53.492,2022,2126,2034
27/09/2019 11:11:53.502,2023,2125,2033
27/09/2019 11:11:53.512,2024,2125,2034
27/09/2019 11:11:53.522,2026,2125,2033
27/09/2019 11:11:53.532,2025,2125,2033
27/09/2019 11:11:53.542,2024,2126,2033
27/09/2019 11:11:53.552,2022,2125,2033
27/09/2019 11:11:53.562,2024,2126,2034
27/09/2019 11:11:53.572,2022,2126,2033
27/09/2019 11:11:53.582,2022,2125,2033
27/09/2019 11:11:53.592,2023,2127,2033
27/09/2019 11:11:53.602,2021,2127,2033
27/09/2019 11:11:53.612,2023,2128,2033
27/09/2019 11:11:53.622,2021,2125,2033
27/09/2019 11:11:53.632,2021,2127,2033
27/09/2019 11:11:53.642,2023,2127,2033
27/09/2019 11:11:53.652,2021,2127,2034
27/09/2019 11:11:53.662,2023,2125,2035
27/09/2019 11:11:53.672,2025,2126,2034
27/09/2019 11:11:53.682,2023,2126,2033
27/09/2019 11:11:53.692,2023,2127,2033
27/09/2019 11:11:53.702,2023,2125,2033
27/09/2019 11:11:53.712,2024,2124,2033
27/09/2019 11:11:53.722,2023,2123,2034
27/09/2019 11:11:53.732,2025,2125,2033
27/09/2019 11:11:53.742,2024,2125,2033
27/09/2019 11:11:53.752,2023,2125,2033
27/09/2019 11:11:53.762,2024,2126,2033
27/09/2019 11:11:53.772,2021,2126,2034
27/09/2019 11:11:53.782,2025,2125,2033
27/09/2019 11:11:53.792,2024,2125,2035
27/09/2019 11:11:53.802,2023,2127,2034
27/09/2019 11:11:53.812,2024,2127,2033
27/09/2019 11:11:53.822,2026,2127,2033
27/09/2019 11:11:53.832,2025,2128,2033
27/09/2019 11:11:53.842,2022,2127,2033
27/09/2019 11:11:53.852,2021,2126,2033
27/09/2019 11:11:53.862,2024,2126,2033
27/09/2019 11:11:53.872,2024,2125,2033
27/09/2019 11:11:53.882,2022,2127,2034
27/09/2019 11:11:53.892,2021,2127,2033
27/09/2019 11:11:53.902,2023,2128,2033
27/09/2019 11:11:53.912,2020,2126,2033
27/09/2019 11:11:53.922,2023,2126,2033
27/09/2019 11:11:53.932,2022,2125,2033
27/09/2019 11:11:53.942,2022,2124,2033
27/09/2019 11:11:53.952,2023,2124,2033
27/09/2019 11:11:53.962,2022,2125,2033
27/09/2019 11:11:53.972,2022,2126,2033
27/09/2019 11:11:53.982,2022,2124,2033
27/09/2019 11:11:53.992,2022,2123,2033
27/09/2019 11:11:54.002,2021,2125,2035
27/09/2019 11:11:54.012,2022,2125,2035
27/09/2019 11:11:54.022,2022,2127,2035
27/09/2019 11:11:54.032,2023,2128,2034
27/09/2019 11:11:54.042,2024,2128,2033
27/09/2019 11:11:54.052,2024,2125,2033
27/09/2019 11:11:54.062,2025,2125,2033
27/09/2019 11:11:54.072,2025,2124,2033
27/09/2019 11:11:54.082,2024,2121,2033
27/09/2019 11:11:54.092,2024,2125,2033
27/09/2019 11:11:54.102,2023,2125,2033
27/09/2019 11:11:54.112,2025,2124,2033
27/09/2019 11:11:54.122,2026,2123,2033
27/09/2019 11:11:54.132,2024,2123,2033
27/09/2019 11:11:54.142,2022,2125,2033
27/09/2019 11:11:54.152,2022,2125,2033
27/09/2019 11:11:54.162,2023,2125,2033
27/09/2019 11:11:54.172,2025,2126,2034
27/09/2019 11:11:54.182,2022,2125,2033
27/09/2019 11:11:54.192,2021,2124,2033
27/09/2019 11:11:54.202,2022,2125,2033
27/09/2019 11:11:54.212,2021,2127,2034
27/09/2019 11:11:54.222,2024,2127,2033
27/09/2019 11:11:54.232,2024,2126,2033
27/09/2019 11:11:54.242,2023,2126,2033
27/09/2019 11:11:54.252,2022,2126,2033
27/09/2019 11:11:54.262,2024,2125,2033
27/09/2019 11:11:54.272,2026,2127,2033
27/09/2019 11:11:54.282,2023,2128,2033
27/09/2019 11:11:54.292,2021,2127,2033
27/09/2019 11:11:54.302,2024,2127,2033
27/09/2019 11:11:54.312,2026,2126,2033
27/09/2019 11:11:54.322,2025,2127,2033
27/09/2019 11:11:54.332,2026,2126,2033
27/09/2019 11:11:54.342,2026,2126,2034
27/09/2019 11:11:54.352,2023,2127,2034
27/09/2019 11:11:54.362,2023,2126,2033
27/09/2019 11:11:54.372,2025,2126,2033
27/09/2019 11:11:54.382,2027,2123,2033
27/09/2019 11:11:54.392,2026,2123,2034
27/09/2019 11:11:54.402,2026,2124,2034
27/09/2019 11:11:54.412,2027,2124,2034
27/09/2019 11:11:54.422,2025,2125,2033
27/09/2019 11:11:54.432,2026,2128,2035
27/09/2019 11:11:54.442,2023,2128,2035
27/09/2019 11:11:54.452,2025,2127,2035
27/09/2019 11:11:54.462,2025,2127,2034
27/09/2019 11:11:54.472,2022,2129,2033
27/09/2019 11:11:54.482,2024,2128,2034
27/09/2019 11:11:54.492,2022,2128,2033
27/09/2019 11:11:54.502,2024,2126,2033
27/09/2019 11:11:54.512,2023,2125,2033
27/09/2019 11:11:54.522,2024,2126,2033
27/09/2019 11:11:54.532,2022,2127,2035
27/09/2019 11:11:54.542,2025,2127,2034
27/09/2019 11:11:54.552,2025,2128,2033
27/09/2019 11:11:54.562,2023,2126,2033
27/09/2019 11:11:54.572,2024,2126,2033
27/09/2019 11:11:54.582,2024,2126,2033
27/09/2019 11:11:54.592,2023,2126,2034
27/09/2019 11:11:54.602,2021,2126,2035
27/09/2019 11:11:54.612,2025,2126,2034
27/09/2019 11:11:54.622,2025,2124,2034
27/09/2019 11:11:54.632,2023,2124,2033
27/09/2019 11:11:54.642,2024,2125,2033
27/09/2019 11:11:54.652,2023,2126,2034
27/09/2019 11:11:54.662,2026,2126,2033
27/09/2019 11:11:54.672,2026,2126,2033
27/09/2019 11:11:54.682,2026,2127,2033
27/09/2019 11:11:54.692,2027,2128,2033
27/09/2019 11:11:54.702,2025,2127,2033
27/09/2019 11:11:54.712,2023,2127,2033
27/09/2019 11:11:54.722,2025,2128,2033
27/09/2019 11:11:54.732,2026,2126,2034
27/09/2019 11:11:54.742,2026,2124,2033
27/09/2019 11:11:54.752,2027,2126,2033
27/09/2019 11:11:54.762,2027,2126,2034
27/09/2019 11:11:54.772,2028,2127,2033
27/09/2019 11:11:54.782,2024,2126,2033
27/09/2019 11:11:54.792,2025,2125,2033
27/09/2019 11:11:54.802,2026,2127,2033
27/09/2019 11:11:54.812,2026,2128,2033
27/09/2019 11:11:54.822,2025,2126,2033
27/09/2019 11:11:54.832,2026,2126,2032
27/09/2019 11:11:54.842,2026,2124,2032
27/09/2019 11:11:54.852,2025,2123,2033
27/09/2019 11:11:54.862,2026,2124,2035
27/09/2019 11:11:54.872,2026,2122,2034
27/09/2019 11:11:54.882,2028,2122,2033
27/09/2019 11:11:54.892,2024,2123,2033
27/09/2019 11:11:54.902,2024,2124,2033
27/09/2019 11:11:54.912,2024,2122,2033
27/09/2019 11:11:54.922,2021,2123,2033
27/09/2019 11:11:54.932,2023,2125,2033
27/09/2019 11:11:54.942,2024,2126,2034
27/09/2019 11:11:54.952,2026,2124,2034
27/09/2019 11:11:54.962,2020,2123,2035
27/09/2019 11:11:54.972,2020,2123,2035
27/09/2019 11:11:54.982,2021,2125,2034
27/09/2019 11:11:54.992,2025,2126,2033
27/09/2019 11:11:55.002,2025,2126,2033
27/09/2019 11:11:55.012,2025,2126,2033
27/09/2019 11:11:55.022,2025,2125,2035
27/09/2019 11:11:55.032,2024,2123,2035
27/09/2019 11:11:55.042,2020,2126,2033
27/09/2019 11:11:55.052,2020,2126,2033
27/09/2019 11:11:55.062,2022,2127,2033
27/09/2019 11:11:55.072,2021,2127,2033
27/09/2019 11:11:55.082,2025,2125,2033
27/09/2019 11:11:55.092,2025,2127,2035
27/09/2019 11:11:55.102,2025,2128,2035
27/09/2019 11:11:55.112,2026,2127,2034
27/09/2019 11:11:55.122,2029,2124,2033
27/09/2019 11:11:55.132,2027,2124,2033
27/09/2019 11:11:55.142,2027,2124,2033
27/09/2019 11:11:55.152,2028,2124,2033
27/09/2019 11:11:55.162,2026,2125,2033
27/09/2019 11:11:55.172,2026,2126,2034
27/09/2019 11:11:55.182,2023,2124,2034
27/09/2019 11:11:55.192,2024,2124,2033
27/09/2019 11:11:55.202,2022,2124,2035
27/09/2019 11:11:55.212,2024,2124,2034
27/09/2019 11:11:55.222,2024,2124,2033
27/09/2019 11:11:55.232,2024,2125,2033
27/09/2019 11:11:55.242,2025,2126,2033
27/09/2019 11:11:55.252,2024,2126,2033
27/09/2019 11:11:55.262,2023,2127,2033
27/09/2019 11:11:55.272,2026,2124,2033
27/09/2019 11:11:55.282,2026,2125,2033
27/09/2019 11:11:55.292,2023,2127,2034
27/09/2019 11:11:55.302,2024,2126,2033
27/09/2019 11:11:55.312,2024,2126,2033
27/09/2019 11:11:55.322,2024,2126,2033
27/09/2019 11:11:55.332,2026,2125,2033
27/09/2019 11:11:55.342,2026,2127,2034
27/09/2019 11:11:55.352,2024,2127,2033
27/09/2019 11:11:55.362,2024,2126,2033
27/09/2019 11:11:55.372,2024,2125,2033
27/09/2019 11:11:55.382,2026,2126,2033
27/09/2019 11:11:55.392,2027,2126,2034
27/09/2019 11:11:55.402,2026,2126,2033
27/09/2019 11:11:55.412,2028,2125,2034
27/09/2019 11:11:55.422,2027,2127,2033
27/09/2019 11:11:55.432,2025,2128,2033
27/09/2019 11:11:55.442,2025,2126,2033
27/09/2019 11:11:55.452,2026,2126,2033
27/09/2019 11:11:55.462,2026,2124,2033
27/09/2019 11:11:55.472,2025,2124,2033
27/09/2019 11:11:55.482,2024,2125,2033
27/09/2019 11:11:55.492,2025,2126,2033
27/09/2019 11:11:55.502,2024,2126,2033
27/09/2019 11:11:55.512,2022,2123,2033
27/09/2019 11:11:55.522,2021,2124,2033
27/09/2019 11:11:55.532,2023,2125,2034
27/09/2019 11:11:55.542,2025,2124,2034
27/09/2019 11:11:55.552,2024,2124,2033
27/09/2019 11:11:55.562,2022,2125,2033
27/09/2019 11:11:55.572,2021,2124,2033
27/09/2019 11:11:55.582,2023,2125,2033
27/09/2019 11:11:55.592,2023,2127,2033
27/09/2019 11:11:55.602,2023,2127,2035
27/09/2019 11:11:55.612,2024,2125,2034
27/09/2019 11:11:55.622,2025,2127,2033
27/09/2019 11:11:55.632,2022,2127,2033
27/09/2019 11:11:55.642,2023,2127,2033
27/09/2019 11:11:55.652,2025,2124,2033
27/09/2019 11:11:55.662,2025,2126,2033
27/09/2019 11:11:55.672,2024,2125,2033
27/09/2019 11:11:55.682,2024,2126,2033
27/09/2019 11:11:55.692,2024,2127,2033
27/09/2019 11:11:55.702,2023,2127,2033
27/09/2019 11:11:55.712,2023,2127,2033
27/09/2019 11:11:55.722,2025,2126,2034
27/09/2019 11:11:55.732,2022,2124,2033
27/09/2019 11:11:55.742,2020,2126,2033
27/09/2019 11:11:55.752,2022,2126,2033
27/09/2019 11:11:55.762,2023,2126,2033
27/09/2019 11:11:55.772,2022,2124,2033
27/09/2019 11:11:55.782,2021,2124,2033
27/09/2019 11:11:55.792,2024,2121,2033
27/09/2019 11:11:55.802,2025,2121,2034
27/09/2019 11:11:55.812,2025,2122,2033
27/09/2019 11:11:55.822,2025,2124,2034
27/09/2019 11:11:55.832,2023,2124,2033
27/09/2019 11:11:55.842,2024,2125,2034
27/09/2019 11:11:55.852,2024,2127,2033
27/09/2019 11:11:55.862,2024,2127,2033
27/09/2019 11:11:55.872,2023,2127,2033
27/09/2019 11:11:55.882,2026,2128,2033
27/09/2019 11:11:55.892,2025,2127,2033
27/09/2019 11:11:55.902,2023,2126,2034
27/09/2019 11:11:55.912,2022,2126,2033
27/09/2019 11:11:55.922,2023,2125,2034
27/09/2019 11:11:55.932,2024,2125,2035
27/09/2019 11:11:55.942,2021,2123,2035
27/09/2019 11:11:55.952,2025,2126,2035
27/09/2019 11:11:55.962,2026,2125,2034
27/09/2019 11:11:55.972,2025,2126,2033
27/09/2019 11:11:55.982,2022,2124,2033
27/09/2019 11:11:55.992,2022,2125,2034
27/09/2019 11:11:56.002,2024,2126,2034
27/09/2019 11:11:56.012,2022,2126,2034
27/09/2019 11:11:56.022,2024,2124,2035
27/09/2019 11:11:56.032,2024,2123,2034
27/09/2019 11:11:56.042,2022,2125,2033
27/09/2019 11:11:56.052,2023,2125,2033
27/09/2019 11:11:56.062,2022,2127,2034
27/09/2019 11:11:56.072,2021,2127,2033
27/09/2019 11:11:56.082,2023,2128,2033
27/09/2019 11:11:56.092,2023,2126,2033
27/09/2019 11:11:56.102,2023,2126,2033
27/09/2019 11:11:56.112,2022,2125,2033
27/09/2019 11:11:56.122,2023,2127,2033
27/09/2019 11:11:56.132,2026,2126,2033
27/09/2019 11:11:56.142,2024,2125,2033
27/09/2019 11:11:56.152,2025,2126,2034
27/09/2019 11:11:56.162,2022,2126,2033
27/09/2019 11:11:56.172,2022,2126,2033
27/09/2019 11:11:56.182,2021,2127,2033
27/09/2019 11:11:56.192,2021,2127,2034
27/09/2019 11:11:56.202,2022,2125,2033
27/09/2019 11:11:56.212,2020,2127,2033
27/09/2019 11:11:56.222,2021,2126,2033
27/09/2019 11:11:56.232,2024,2125,2033
27/09/2019 11:11:56.242,2022,2125,2033
27/09/2019 11:11:56.252,2022,2124,2033
27/09/2019 11:11:56.262,2024,2122,2033
27/09/2019 11:11:56.272,2023,2123,2033
27/09/2019 11:11:56.282,2023,2124,2033
27/09/2019 11:11:56.292,2023,2124,2034
27/09/2019 11:11:56.302,2025,2124,2033
27/09/2019 11:11:56.312,2024,2125,2034
27/09/2019 11:11:56.322,2023,2125,2034
27/09/2019 11:11:56.332,2023,2126,2033
27/09/2019 11:11:56.342,2022,2126,2033
27/09/2019 11:11:56.352,2022,2124,2033
27/09/2019 11:11:56.362,2021,2124,2033
27/09/2019 11:11:56.372,2023,2123,2033
27/09/2019 11:11:56.382,2023,2126,2033
27/09/2019 11:11:56.392,2023,2124,2033
27/09/2019 11:11:56.402,2024,2124,2034
27/09/2019 11:11:56.412,2022,2126,2033
27/09/2019 11:11:56.422,2022,2126,2033
27/09/2019 11:11:56.432,2023,2124,2033
27/09/2019 11:11:56.442,2024,2125,2033
27/09/2019 11:11:56.452,2024,2125,2033
27/09/2019 11:11:56.462,2024,2126,2033
27/09/2019 11:11:56.472,2024,2127,2034
27/09/2019 11:11:56.482,2022,2127,2035
27/09/2019 11:11:56.492,2024,2124,2036
27/09/2019 11:11:56.502,2023,2124,2034
27/09/2019 11:11:56.512,2023,2123,2033
27/09/2019 11:11:56.522,2022,2123,2033
27/09/2019 11:11:56.532,2022,2124,2033
27/09/2019 11:11:56.542,2021,2123,2033
27/09/2019 11:11:56.552,2022,2124,2033
27/09/2019 11:11:56.562,2023,2125,2033
27/09/2019 11:11:56.572,2024,2127,2034
27/09/2019 11:11:56.582,2023,2127,2033
27/09/2019 11:11:56.592,2024,2125,2033
27/09/2019 11:11:56.602,2022,2124,2033
27/09/2019 11:11:56.612,2021,2124,2033
27/09/2019 11:11:56.622,2022,2125,2033
27/09/2019 11:11:56.632,2022,2125,2033
27/09/2019 11:11:56.642,2023,2124,2033
27/09/2019 11:11:56.652,2024,2123,2033
27/09/2019 11:11:56.662,2024,2126,2034
27/09/2019 11:11:56.672,2022,2126,2033
27/09/2019 11:11:56.682,2023,2126,2033
27/09/2019 11:11:56.692,2022,2124,2034
27/09/2019 11:11:56.702,2025,2124,2033
27/09/2019 11:11:56.712,2025,2124,2033
27/09/2019 11:11:56.722,2023,2125,2033
27/09/2019 11:11:56.732,2025,2124,2033
27/09/2019 11:11:56.742,2026,2124,2033
27/09/2019 11:11:56.752,2024,2124,2034
27/09/2019 11:11:56.762,2024,2125,2034
27/09/2019 11:11:56.772,2024,2127,2034
27/09/2019 11:11:56.782,2025,2125,2033
27/09/2019 11:11:56.792,2023,2125,2033
27/09/2019 11:11:56.802,2022,2127,2034
27/09/2019 11:11:56.812,2022,2127,2034
27/09/2019 11:11:56.822,2024,2128,2033
27/09/2019 11:11:56.832,2025,2127,2035
27/09/2019 11:11:56.842,2024,2125,2034
27/09/2019 11:11:56.852,2022,2126,2033
27/09/2019 11:11:56.862,2024,2125,2033
27/09/2019 11:11:56.872,2023,2125,2033
27/09/2019 11:11:56.882,2022,2126,2034
27/09/2019 11:11:56.892,2022,2125,2033
27/09/2019 11:11:56.902,2023,2125,2033
27/09/2019 11:11:56.912,2022,2127,2033
27/09/2019 11:11:56.922,2024,2127,2034
27/09/2019 11:11:56.932,2024,2127,2035
27/09/2019 11:11:56.942,2025,2127,2034
27/09/2019 11:11:56.952,2022,2126,2033
27/09/2019 11:11:56.962,2025,2124,2033
27/09/2019 11:11:56.972,2024,2124,2034
27/09/2019 11:11:56.982,2024,2124,2033
27/09/2019 11:11:56.992,2023,2125,2033
27/09/2019 11:11:57.002,2022,2124,2033
27/09/2019 11:11:57.012,2022,2124,2033
27/09/2019 11:11:57.022,2024,2124,2034
27/09/2019 11:11:57.032,2023,2124,2034
27/09/2019 11:11:57.042,2023,2124,2033
27/09/2019 11:11:57.052,2023,2124,2033
27/09/2019 11:11:57.062,2025,2123,2033
27/09/2019 11:11:57.072,2024,2122,2034
27/09/2019 11:11:57.082,2021,2124,2033
27/09/2019 11:11:57.092,2023,2126,2034
27/09/2019 11:11:57.102,2024,2126,2034
27/09/2019 11:11:57.112,2022,2126,2033
27/09/2019 11:11:57.122,2023,2127,2033
27/09/2019 11:11:57.132,2022,2123,2033
27/09/2019 11:11:57.142,2023,2123,2034
27/09/2019 11:11:57.152,2024,2125,2034
27/09/2019 11:11:57.162,2021,2127,2033
27/09/2019 11:11:57.172,2020,2127,2034
27/09/2019 11:11:57.182,2019,2126,2034
27/09/2019 11:11:57.192,2021,2124,2033
27/09/2019 11:11:57.202,2020,2125,2033
27/09/2019 11:11:57.212,2022,2126,2034
27/09/2019 11:11:57.222,2021,2125,2033
27/09/2019 11:11:57.232,2022,2127,2033
27/09/2019 11:11:57.242,2023,2126,2033
27/09/2019 11:11:57.252,2024,2126,2033
27/09/2019 11:11:57.262,2022,2126,2033
27/09/2019 11:11:57.272,2023,2126,2034
27/09/2019 11:11:57.282,2023,2125,2033
27/09/2019 11:11:57.292,2023,2126,2035
27/09/2019 11:11:57.302,2021,2125,2034
27/09/2019 11:11:57.312,2022,2126,2033
27/09/2019 11:11:57.322,2023,2123,2033
27/09/2019 11:11:57.332,2025,2123,2033
27/09/2019 11:11:57.342,2023,2124,2034
27/09/2019 11:11:57.352,2023,2125,2033
27/09/2019 11:11:57.362,2024,2126,2033
27/09/2019 11:11:57.372,2023,2127,2033
27/09/2019 11:11:57.382,2023,2127,2034
27/09/2019 11:11:57.392,2025,2128,2033
27/09/2019 11:11:57.402,2026,2123,2033
27/09/2019 11:11:57.412,2026,2124,2033
27/09/2019 11:11:57.422,2026,2123,2033
27/09/2019 11:11:57.432,2023,2126,2033
27/09/2019 11:11:57.442,2024,2126,2033
27/09/2019 11:11:57.452,2022,2127,2035
27/09/2019 11:11:57.462,2022,2127,2035
27/09/2019 11:11:57.472,2022,2125,2034
27/09/2019 11:11:57.482,2021,2126,2034
27/09/2019 11:11:57.492,2022,2127,2033
27/09/2019 11:11:57.502,2020,2127,2033
27/09/2019 11:11:57.512,2021,2128,2034
27/09/2019 11:11:57.522,2024,2127,2033
27/09/2019 11:11:57.532,2021,2127,2033
27/09/2019 11:11:57.542,2023,2126,2033
27/09/2019 11:11:57.552,2021,2125,2033
27/09/2019 11:11:57.562,2021,2126,2034
27/09/2019 11:11:57.572,2022,2124,2033
27/09/2019 11:11:57.582,2021,2123,2033
27/09/2019 11:11:57.592,2025,2126,2033
27/09/2019 11:11:57.602,2022,2126,2033
27/09/2019 11:11:57.612,2023,2121,2033
27/09/2019 11:11:57.622,2019,2124,2033
27/09/2019 11:11:57.632,2020,2124,2033
27/09/2019 11:11:57.642,2020,2124,2033
27/09/2019 11:11:57.652,2023,2123,2033
27/09/2019 11:11:57.662,2022,2125,2033
27/09/2019 11:11:57.672,2023,2126,2033
27/09/2019 11:11:57.682,2027,2127,2033
27/09/2019 11:11:57.692,2027,2127,2033
27/09/2019 11:11:57.702,2027,2128,2033
27/09/2019 11:11:57.712,2026,2126,2034
27/09/2019 11:11:57.722,2022,2127,2033
27/09/2019 11:11:57.732,2022,2127,2033
27/09/2019 11:11:57.742,2026,2127,2033
27/09/2019 11:11:57.752,2026,2126,2032
27/09/2019 11:11:57.762,2024,2126,2032
27/09/2019 11:11:57.772,2024,2126,2032
27/09/2019 11:11:57.782,2026,2125,2032
27/09/2019 11:11:57.792,2026,2126,2032
27/09/2019 11:11:57.802,2027,2127,2033
27/09/2019 11:11:57.812,2025,2126,2034
27/09/2019 11:11:57.822,2025,2126,2034
27/09/2019 11:11:57.832,2025,2124,2034
27/09/2019 11:11:57.842,2026,2125,2033
27/09/2019 11:11:57.852,2024,2126,2033
27/09/2019 11:11:57.862,2022,2126,2033
27/09/2019 11:11:57.872,2020,2125,2033
27/09/2019 11:11:57.882,2019,2124,2033
27/09/2019 11:11:57.892,2021,2124,2033
27/09/2019 11:11:57.902,2021,2123,2033
27/09/2019 11:11:57.912,2022,2123,2033
27/09/2019 11:11:57.922,2019,2124,2033
27/09/2019 11:11:57.932,2021,2125,2033
27/09/2019 11:11:57.942,2023,2124,2033
27/09/2019 11:11:57.952,2022,2125,2034
27/09/2019 11:11:57.962,2023,2124,2033
27/09/2019 11:11:57.972,2022,2124,2033
27/09/2019 11:11:57.982,2022,2125,2033
27/09/2019 11:11:57.992,2022,2126,2034
27/09/2019 11:11:58.002,2020,2126,2033
27/09/2019 11:11:58.012,2023,2126,2033
27/09/2019 11:11:58.022,2021,2125,2034
27/09/2019 11:11:58.032,2023,2124,2033
27/09/2019 11:11:58.042,2023,2124,2033
27/09/2019 11:11:58.052,2020,2125,2033
27/09/2019 11:11:58.062,2023,2126,2033
27/09/2019 11:11:58.072,2022,2127,2033
27/09/2019 11:11:58.082,2023,2127,2033
27/09/2019 11:11:58.092,2021,2126,2033
27/09/2019 11:11:58.102,2019,2126,2033
27/09/2019 11:11:58.112,2020,2124,2034
27/09/2019 11:11:58.122,2022,2124,2033
27/09/2019 11:11:58.132,2025,2122,2033
27/09/2019 11:11:58.142,2026,2124,2033
27/09/2019 11:11:58.152,2025,2123,2033
27/09/2019 11:11:58.162,2026,2123,2033
27/09/2019 11:11:58.172,2024,2126,2034
27/09/2019 11:11:58.182,2023,2123,2033
27/09/2019 11:11:58.192,2024,2124,2034
27/09/2019 11:11:58.202,2023,2125,2033
27/09/2019 11:11:58.212,2023,2124,2033
27/09/2019 11:11:58.222,2022,2126,2033
27/09/2019 11:11:58.232,2021,2124,2034
27/09/2019 11:11:58.242,2024,2123,2033
27/09/2019 11:11:58.252,2023,2123,2034
27/09/2019 11:11:58.262,2023,2125,2033
27/09/2019 11:11:58.272,2024,2127,2033
27/09/2019 11:11:58.282,2024,2127,2033
27/09/2019 11:11:58.292,2022,2125,2033
27/09/2019 11:11:58.302,2023,2126,2033
27/09/2019 11:11:58.312,2021,2125,2034
27/09/2019 11:11:58.322,2021,2126,2033
27/09/2019 11:11:58.332,2023,2126,2034
27/09/2019 11:11:58.342,2023,2125,2033
27/09/2019 11:11:58.352,2026,2125,2034
27/09/2019 11:11:58.362,2026,2125,2034
27/09/2019 11:11:58.372,2022,2127,2033
27/09/2019 11:11:58.382,2022,2127,2033
27/09/2019 11:11:58.392,2023,2127,2034
27/09/2019 11:11:58.402,2023,2127,2034
27/09/2019 11:11:58.412,2025,2128,2032
27/09/2019 11:11:58.422,2025,2126,2032
27/09/2019 11:11:58.432,2024,2126,2032
27/09/2019 11:11:58.442,2023,2126,2032
27/09/2019 11:11:58.452,2023,2126,2032
27/09/2019 11:11:58.462,2023,2124,2032
27/09/2019 11:11:58.472,2025,2124,2032
27/09/2019 11:11:58.482,2023,2124,2033
27/09/2019 11:11:58.492,2024,2124,2033
27/09/2019 11:11:58.502,2021,2125,2033
27/09/2019 11:11:58.512,2021,2126,2033
27/09/2019 11:11:58.522,2023,2124,2033
27/09/2019 11:11:58.532,2025,2125,2033
27/09/2019 11:11:58.542,2026,2123,2033
27/09/2019 11:11:58.552,2027,2126,2033
27/09/2019 11:11:58.562,2027,2125,2032
27/09/2019 11:11:58.572,2028,2126,2032
27/09/2019 11:11:58.582,2024,2126,2033
27/09/2019 11:11:58.592,2023,2124,2033
27/09/2019 11:11:58.602,2023,2125,2033
27/09/2019 11:11:58.612,2024,2125,2034
27/09/2019 11:11:58.622,2025,2122,2033
27/09/2019 11:11:58.632,2024,2123,2033
27/09/2019 11:11:58.642,2026,2125,2033
27/09/2019 11:11:58.652,2025,2126,2033
27/09/2019 11:11:58.662,2023,2126,2033
27/09/2019 11:11:58.672,2023,2125,2033
27/09/2019 11:11:58.682,2020,2127,2033
27/09/2019 11:11:58.692,2023,2128,2033
27/09/2019 11:11:58.702,2023,2123,2033
27/09/2019 11:11:58.712,2021,2125,2033
27/09/2019 11:11:58.722,2022,2126,2033
27/09/2019 11:11:58.732,2022,2126,2033
27/09/2019 11:11:58.742,2022,2126,2033
27/09/2019 11:11:58.752,2023,2127,2033
27/09/2019 11:11:58.762,2024,2125,2033
27/09/2019 11:11:58.772,2025,2127,2033
27/09/2019 11:11:58.782,2024,2126,2033
27/09/2019 11:11:58.792,2026,2126,2033
27/09/2019 11:11:58.802,2024,2124,2033
27/09/2019 11:11:58.812,2021,2125,2033
27/09/2019 11:11:58.822,2022,2125,2034
27/09/2019 11:11:58.832,2022,2124,2033
27/09/2019 11:11:58.842,2019,2125,2033
27/09/2019 11:11:58.852,2022,2125,2033
27/09/2019 11:11:58.862,2022,2125,2034
27/09/2019 11:11:58.872,2023,2126,2032
27/09/2019 11:11:58.882,2025,2125,2032
27/09/2019 11:11:58.892,2025,2126,2032
27/09/2019 11:11:58.902,2026,2126,2032
27/09/2019 11:11:58.912,2026,2125,2032
27/09/2019 11:11:58.922,2023,2126,2032
27/09/2019 11:11:58.932,2024,2125,2032
27/09/2019 11:11:58.942,2022,2127,2032
27/09/2019 11:11:58.952,2024,2124,2032
27/09/2019 11:11:58.962,2022,2125,2032
27/09/2019 11:11:58.972,2022,2127,2032
27/09/2019 11:11:58.982,2024,2124,2032
27/09/2019 11:11:58.992,2023,2122,2032
27/09/2019 11:11:59.002,2024,2122,2032
27/09/2019 11:11:59.012,2026,2124,2032
27/09/2019 11:11:59.022,2024,2125,2032
27/09/2019 11:11:59.032,2024,2127,2032
27/09/2019 11:11:59.042,2022,2126,2032
27/09/2019 11:11:59.052,2021,2125,2032
27/09/2019 11:11:59.062,2022,2124,2033
27/09/2019 11:11:59.072,2021,2126,2033
27/09/2019 11:11:59.082,2023,2125,2033
27/09/2019 11:11:59.092,2021,2127,2033
27/09/2019 11:11:59.102,2022,2126,2033
27/09/2019 11:11:59.112,2023,2126,2033
27/09/2019 11:11:59.122,2025,2123,2033
27/09/2019 11:11:59.132,2025,2125,2032
27/09/2019 11:11:59.142,2025,2125,2032
27/09/2019 11:11:59.152,2023,2122,2032
27/09/2019 11:11:59.162,2026,2125,2032
27/09/2019 11:11:59.172,2025,2124,2032
27/09/2019 11:11:59.182,2024,2125,2032
27/09/2019 11:11:59.192,2025,2126,2032
27/09/2019 11:11:59.202,2026,2125,2032
27/09/2019 11:11:59.212,2024,2127,2032
27/09/2019 11:11:59.222,2024,2126,2032
27/09/2019 11:11:59.232,2024,2124,2032
27/09/2019 11:11:59.242,2026,2126,2032
27/09/2019 11:11:59.252,2025,2126,2032
27/09/2019 11:11:59.262,2025,2124,2032
27/09/2019 11:11:59.272,2025,2123,2032
27/09/2019 11:11:59.282,2025,2124,2032
27/09/2019 11:11:59.292,2025,2124,2032
27/09/2019 11:11:59.302,2026,2124,2032
27/09/2019 11:11:59.312,2025,2123,2032
27/09/2019 11:11:59.322,2025,2126,2033
27/09/2019 11:11:59.332,2026,2126,2034
27/09/2019 11:11:59.342,2026,2125,2033
27/09/2019 11:11:59.352,2025,2127,2033
27/09/2019 11:11:59.362,2024,2127,2033
27/09/2019 11:11:59.372,2024,2127,2033
27/09/2019 11:11:59.382,2025,2128,2033
27/09/2019 11:11:59.392,2026,2128,2033
27/09/2019 11:11:59.402,2024,2127,2033
27/09/2019 11:11:59.412,2025,2127,2033
27/09/2019 11:11:59.422,2024,2127,2033
27/09/2019 11:11:59.432,2025,2127,2033
27/09/2019 11:11:59.442,2025,2128,2034
27/09/2019 11:11:59.452,2024,2125,2033
27/09/2019 11:11:59.462,2023,2126,2033
27/09/2019 11:11:59.472,2024,2126,2033
27/09/2019 11:11:59.482,2025,2124,2032
27/09/2019 11:11:59.492,2027,2123,2033
27/09/2019 11:11:59.502,2026,2126,2033
27/09/2019 11:11:59.512,2025,2124,2033
27/09/2019 11:11:59.522,2027,2126,2033
27/09/2019 11:11:59.532,2027,2123,2033
27/09/2019 11:11:59.542,2028,2124,2033
27/09/2019 11:11:59.552,2027,2125,2033
27/09/2019 11:11:59.562,2027,2125,2033
27/09/2019 11:11:59.572,2027,2126,2033
27/09/2019 11:11:59.582,2027,2126,2033
27/09/2019 11:11:59.592,2026,2127,2034
27/09/2019 11:11:59.602,2027,2126,2033
27/09/2019 11:11:59.612,2028,2126,2033
27/09/2019 11:11:59.622,2028,2126,2034
27/09/2019 11:11:59.632,2027,2125,2033
27/09/2019 11:11:59.642,2028,2127,2034
27/09/2019 11:11:59.652,2029,2127,2034
27/09/2019 11:11:59.662,2027,2125,2033
27/09/2019 11:11:59.672,2026,2126,2033
27/09/2019 11:11:59.682,2028,2125,2033
27/09/2019 11:11:59.692,2028,2127,2033
27/09/2019 11:11:59.702,2028,2125,2034
27/09/2019 11:11:59.712,2026,2124,2033
27/09/2019 11:11:59.722,2028,2125,2033
27/09/2019 11:11:59.732,2027,2125,2033
27/09/2019 11:11:59.742,2029,2123,2033
27/09/2019 11:11:59.752,2030,2123,2033
27/09/2019 11:11:59.762,2027,2124,2033
27/09/2019 11:11:59.772,2027,2124,2033
27/09/2019 11:11:59.782,2028,2124,2034
27/09/2019 11:11:59.792,2029,2122,2034
27/09/2019 11:11:59.802,2027,2125,2034
27/09/2019 11:11:59.812,2027,2127,2034
27/09/2019 11:11:59.822,2027,2127,2033
27/09/2019 11:11:59.832,2024,2126,2033
27/09/2019 11:11:59.842,2025,2126,2034
27/09/2019 11:11:59.852,2025,2126,2034
27/09/2019 11:11:59.862,2026,2127,2034
27/09/2019 11:11:59.872,2024,2128,2033
27/09/2019 11:11:59.882,2026,2127,2035
27/09/2019 11:11:59.892,2025,2128,2036
27/09/2019 11:11:59.902,2028,2123,2034
27/09/2019 11:11:59.912,2022,2125,2034
27/09/2019 11:11:59.922,2024,2126,2033
27/09/2019 11:11:59.932,2026,2126,2034
27/09/2019 11:11:59.942,2026,2125,2033
27/09/2019 11:11:59.952,2027,2125,2034
27/09/2019 11:11:59.962,2028,2124,2033
27/09/2019 11:11:59.972,2026,2125,2034
27/09/2019 11:11:59.982,2025,2126,2033
27/09/2019 11:11:59.992,2028,2126,2035
27/09/2019 11:12:00.002,2029,2127,2035
27/09/2019 11:12:00.012,2028,2127,2035
27/09/2019 11:12:00.022,2026,2127,2034
27/09/2019 11:12:00.032,2027,2127,2034
27/09/2019 11:12:00.042,2028,2126,2034
27/09/2019 11:12:00.052,2026,2127,2033
27/09/2019 11:12:00.062,2028,2128,2034
27/09/2019 11:12:00.072,2024,2127,2035
27/09/2019 11:12:00.082,2026,2127,2035
27/09/2019 11:12:00.092,2028,2128,2036
27/09/2019 11:12:00.102,2029,2128,2037
27/09/2019 11:12:00.112,2029,2127,2036
27/09/2019 11:12:00.122,2029,2128,2034
27/09/2019 11:12:00.132,2030,2127,2034
27/09/2019 11:12:00.142,2029,2127,2033
27/09/2019 11:12:00.152,2028,2127,2034
27/09/2019 11:12:00.162,2029,2128,2033
27/09/2019 11:12:00.172,2030,2127,2035
27/09/2019 11:12:00.182,2030,2129,2035
27/09/2019 11:12:00.192,2030,2128,2034
27/09/2019 11:12:00.202,2030,2128,2034
27/09/2019 11:12:00.212,2030,2127,2033
27/09/2019 11:12:00.222,2030,2127,2033
27/09/2019 11:12:00.232,2030,2126,2033
27/09/2019 11:12:00.242,2030,2127,2034
27/09/2019 11:12:00.252,2030,2126,2033
27/09/2019 11:12:00.262,2030,2125,2033
27/09/2019 11:12:00.272,2030,2127,2035
27/09/2019 11:12:00.282,2028,2129,2034
27/09/2019 11:12:00.292,2029,2130,2033
27/09/2019 11:12:00.302,2029,2130,2034
27/09/2019 11:12:00.312,2027,2128,2034
27/09/2019 11:12:00.322,2028,2129,2033
27/09/2019 11:12:00.332,2028,2129,2033
27/09/2019 11:12:00.342,2029,2126,2034
27/09/2019 11:12:00.352,2029,2127,2034
27/09/2019 11:12:00.362,2030,2129,2033
27/09/2019 11:12:00.372,2030,2129,2033
27/09/2019 11:12:00.382,2030,2129,2033
27/09/2019 11:12:00.392,2031,2127,2034
27/09/2019 11:12:00.402,2031,2127,2036
27/09/2019 11:12:00.412,2031,2127,2036
27/09/2019 11:12:00.422,2031,2126,2034
27/09/2019 11:12:00.432,2031,2124,2033
27/09/2019 11:12:00.442,2031,2124,2033
27/09/2019 11:12:00.452,2031,2125,2033
27/09/2019 11:12:00.462,2031,2126,2033
27/09/2019 11:12:00.472,2031,2125,2033
27/09/2019 11:12:00.482,2031,2127,2034
27/09/2019 11:12:00.492,2031,2128,2034
27/09/2019 11:12:00.502,2032,2126,2033
27/09/2019 11:12:00.512,2030,2127,2035
27/09/2019 11:12:00.522,2030,2128,2034
27/09/2019 11:12:00.532,2030,2127,2033
27/09/2019 11:12:00.542,2030,2127,2033
27/09/2019 11:12:00.552,2029,2127,2033
27/09/2019 11:12:00.562,2029,2127,2033
27/09/2019 11:12:00.572,2029,2128,2033
27/09/2019 11:12:00.582,2030,2128,2033
27/09/2019 11:12:00.592,2030,2128,2034
27/09/2019 11:12:00.602,2030,2128,2034
27/09/2019 11:12:00.612,2030,2128,2033
27/09/2019 11:12:00.622,2030,2128,2033
27/09/2019 11:12:00.632,2030,2127,2033
27/09/2019 11:12:00.642,2030,2127,2033
27/09/2019 11:12:00.652,2030,2127,2034
27/09/2019 11:12:00.662,2030,2128,2033
27/09/2019 11:12:00.672,2030,2127,2033
27/09/2019 11:12:00.682,2029,2127,2033
27/09/2019 11:12:00.692,2030,2127,2033
27/09/2019 11:12:00.702,2032,2126,2029
27/09/2019 11:12:00.712,2032,2127,2032
27/09/2019 11:12:00.722,2032,2128,2032
27/09/2019 11:12:00.732,2031,2128,2032
27/09/2019 11:12:00.742,2031,2128,2032
27/09/2019 11:12:00.752,2031,2128,2032
27/09/2019 11:12:00.762,2031,2128,2029
27/09/2019 11:12:00.772,2031,2127,2029
27/09/2019 11:12:00.782,2031,2127,2026
27/09/2019 11:12:00.792,2032,2128,2023
27/09/2019 11:12:00.802,2031,2127,2020
27/09/2019 11:12:00.812,2031,2127,2020
27/09/2019 11:12:00.822,2031,2128,2023
27/09/2019 11:12:00.832,2031,2128,2026
27/09/2019 11:12:00.842,2033,2127,2027
27/09/2019 11:12:00.852,2035,2127,2029
27/09/2019 11:12:00.862,2033,2128,2031
27/09/2019 11:12:00.872,2034,2128,2032
27/09/2019 11:12:00.882,2035,2128,2035
27/09/2019 11:12:00.892,2037,2129,2037
27/09/2019 11:12:00.902,2038,2130,2038
27/09/2019 11:12:00.912,2037,2130,2038
27/09/2019 11:12:00.922,2037,2129,2037
27/09/2019 11:12:00.932,2039,2130,2038
27/09/2019 11:12:00.942,2042,2131,2040
27/09/2019 11:12:00.952,2038,2130,2041
27/09/2019 11:12:00.962,2035,2128,2043
27/09/2019 11:12:00.972,2037,2126,2044
27/09/2019 11:12:00.982,2038,2120,2051
27/09/2019 11:12:00.992,2035,2124,2048
27/09/2019 11:12:01.002,2036,2127,2049
27/09/2019 11:12:01.012,2034,2130,2048
27/09/2019 11:12:01.022,2032,2130,2047
27/09/2019 11:12:01.032,2033,2129,2049
27/09/2019 11:12:01.042,2035,2126,2054
27/09/2019 11:12:01.052,2036,2127,2055
27/09/2019 11:12:01.062,2035,2128,2056
27/09/2019 11:12:01.072,2037,2126,2054
27/09/2019 11:12:01.082,2035,2125,2054
27/09/2019 11:12:01.092,2036,2127,2052
27/09/2019 11:12:01.102,2034,2128,2052
27/09/2019 11:12:01.112,2033,2129,2052
27/09/2019 11:12:01.122,2034,2130,2055
27/09/2019 11:12:01.132,2034,2129,2059
27/09/2019 11:12:01.142,2034,2128,2061
27/09/2019 11:12:01.152,2034,2128,2063
27/09/2019 11:12:01.162,2034,2128,2064
27/09/2019 11:12:01.172,2035,2128,2064
27/09/2019 11:12:01.182,2033,2128,2064
27/09/2019 11:12:01.192,2036,2128,2064
27/09/2019 11:12:01.202,2035,2128,2064
27/09/2019 11:12:01.212,2036,2127,2064
27/09/2019 11:12:01.222,2034,2124,2064
27/09/2019 11:12:01.232,2032,2121,2065
27/09/2019 11:12:01.242,2031,2122,2067
27/09/2019 11:12:01.252,2031,2124,2066
27/09/2019 11:12:01.262,2035,2125,2065
27/09/2019 11:12:01.272,2036,2127,2065
27/09/2019 11:12:01.282,2037,2128,2065
27/09/2019 11:12:01.292,2036,2128,2065
27/09/2019 11:12:01.302,2036,2127,2065
27/09/2019 11:12:01.312,2035,2127,2065
27/09/2019 11:12:01.322,2034,2126,2065
27/09/2019 11:12:01.332,2034,2126,2064
27/09/2019 11:12:01.342,2035,2129,2060
27/09/2019 11:12:01.352,2036,2129,2056
27/09/2019 11:12:01.362,2036,2130,2053
27/09/2019 11:12:01.372,2035,2129,2056
27/09/2019 11:12:01.382,2034,2125,2060
27/09/2019 11:12:01.392,2032,2126,2062
27/09/2019 11:12:01.402,2031,2126,2063
27/09/2019 11:12:01.412,2033,2127,2062
27/09/2019 11:12:01.422,2035,2129,2061
27/09/2019 11:12:01.432,2038,2131,2059
27/09/2019 11:12:01.442,2037,2134,2062
27/09/2019 11:12:01.452,2036,2131,2063
27/09/2019 11:12:01.462,2035,2130,2063
27/09/2019 11:12:01.472,2036,2129,2064
27/09/2019 11:12:01.482,2036,2130,2064
27/09/2019 11:12:01.492,2037,2129,2064
27/09/2019 11:12:01.502,2037,2129,2064
27/09/2019 11:12:01.512,2036,2129,2064
27/09/2019 11:12:01.522,2036,2129,2064
27/09/2019 11:12:01.532,2036,2131,2062
27/09/2019 11:12:01.542,2033,2129,2063
27/09/2019 11:12:01.552,2032,2129,2059
27/09/2019 11:12:01.562,2034,2127,2057
27/09/2019 11:12:01.572,2036,2128,2054
27/09/2019 11:12:01.582,2036,2126,2046
27/09/2019 11:12:01.592,2037,2128,2045
27/09/2019 11:12:01.602,2037,2130,2043
27/09/2019 11:12:01.612,2038,2129,2044
27/09/2019 11:12:01.622,2035,2128,2043
27/09/2019 11:12:01.632,2035,2127,2042
27/09/2019 11:12:01.642,2033,2143,2032
27/09/2019 11:12:01.652,2040,2135,2033
27/09/2019 11:12:01.662,2035,2133,2033
27/09/2019 11:12:01.672,2037,2130,2033
27/09/2019 11:12:01.682,2038,2129,2029
27/09/2019 11:12:01.692,2036,2129,2028
27/09/2019 11:12:01.702,2036,2129,2026
27/09/2019 11:12:01.712,2035,2135,2020
27/09/2019 11:12:01.722,2034,2132,2020
27/09/2019 11:12:01.732,2032,2131,2022
27/09/2019 11:12:01.742,2028,2108,1993
27/09/2019 11:12:01.752,2043,2114,1986
27/09/2019 11:12:01.762,2045,2115,1967
27/09/2019 11:12:01.772,2034,2114,1993
27/09/2019 11:12:01.782,2032,2115,2012
27/09/2019 11:12:01.792,2035,2110,2021
27/09/2019 11:12:01.802,2033,2110,2025
27/09/2019 11:12:01.812,2032,2118,2029
27/09/2019 11:12:01.822,2032,2119,2030
27/09/2019 11:12:01.832,2032,2122,2027
27/09/2019 11:12:01.842,2032,2125,2029
27/09/2019 11:12:01.852,2032,2128,2031
27/09/2019 11:12:01.862,2033,2132,2032
27/09/2019 11:12:01.872,2034,2136,2032
27/09/2019 11:12:01.882,2034,2133,2029
27/09/2019 11:12:01.892,2033,2132,2031
27/09/2019 11:12:01.902,2034,2136,2032
27/09/2019 11:12:01.912,2035,2136,2031
27/09/2019 11:12:01.922,2041,2135,2035
27/09/2019 11:12:01.932,2047,2131,2034
27/09/2019 11:12:01.942,2044,2104,2033
27/09/2019 11:12:01.952,2034,2112,2033
27/09/2019 11:12:01.962,2028,2120,2033
27/09/2019 11:12:01.972,2028,2124,2030
27/09/2019 11:12:01.982,2029,2126,2031
27/09/2019 11:12:01.992,2030,2131,2032
27/09/2019 11:12:02.002,2031,2136,2032
27/09/2019 11:12:02.012,2031,2134,2030
27/09/2019 11:12:02.022,2032,2132,2031
27/09/2019 11:12:02.032,2031,2130,2032
27/09/2019 11:12:02.042,2032,2129,2032
27/09/2019 11:12:02.052,2036,2122,2034
27/09/2019 11:12:02.062,2035,2123,2033
27/09/2019 11:12:02.072,2030,2120,2033
27/09/2019 11:12:02.082,2023,2116,2031
27/09/2019 11:12:02.092,2019,2115,2029
27/09/2019 11:12:02.102,2024,2119,2031
27/09/2019 11:12:02.112,2026,2117,2032
27/09/2019 11:12:02.122,2021,2117,2032
27/09/2019 11:12:02.132,2024,2121,2034
27/09/2019 11:12:02.142,2025,2127,2036
27/09/2019 11:12:02.152,2028,2130,2035
27/09/2019 11:12:02.162,2029,2130,2035
27/09/2019 11:12:02.172,2030,2131,2035
27/09/2019 11:12:02.182,2029,2129,2035
27/09/2019 11:12:02.192,2030,2129,2034
27/09/2019 11:12:02.202,2028,2129,2035
27/09/2019 11:12:02.212,2029,2126,2036
27/09/2019 11:12:02.222,2029,2126,2036
27/09/2019 11:12:02.232,2028,2127,2035
27/09/2019 11:12:02.242,2025,2128,2034
27/09/2019 11:12:02.252,2029,2128,2033
27/09/2019 11:12:02.262,2032,2130,2036
27/09/2019 11:12:02.272,2032,2127,2035
27/09/2019 11:12:02.282,2032,2126,2035
27/09/2019 11:12:02.292,2031,2125,2034
27/09/2019 11:12:02.302,2030,2120,2033
27/09/2019 11:12:02.312,2017,2114,2028
27/09/2019 11:12:02.322,2019,2111,2026
27/09/2019 11:12:02.332,2024,2127,2031
27/09/2019 11:12:02.342,2027,2128,2032
27/09/2019 11:12:02.352,2028,2127,2032
27/09/2019 11:12:02.362,2026,2128,2032
27/09/2019 11:12:02.372,2024,2128,2032
27/09/2019 11:12:02.382,2027,2126,2032
27/09/2019 11:12:02.392,2028,2126,2031
27/09/2019 11:12:02.402,2027,2126,2031
27/09/2019 11:12:02.412,2027,2128,2030
27/09/2019 11:12:02.422,2030,2121,2033
27/09/2019 11:12:02.432,2028,2130,2033
27/09/2019 11:12:02.442,2029,2130,2033
27/09/2019 11:12:02.452,2030,2129,2033
27/09/2019 11:12:02.462,2030,2128,2033
27/09/2019 11:12:02.472,2030,2123,2031
27/09/2019 11:12:02.482,2030,2126,2032
27/09/2019 11:12:02.492,2030,2127,2031
27/09/2019 11:12:02.502,2030,2128,2032
27/09/2019 11:12:02.512,2030,2128,2031
27/09/2019 11:12:02.522,2033,2126,2026
27/09/2019 11:12:02.532,2033,2124,2029
27/09/2019 11:12:02.542,2032,2125,2031
27/09/2019 11:12:02.552,2032,2124,2027
27/09/2019 11:12:02.562,2032,2120,2027
27/09/2019 11:12:02.572,2032,2119,2026
27/09/2019 11:12:02.582,2032,2121,2024
27/09/2019 11:12:02.592,2031,2124,2021
27/09/2019 11:12:02.602,2032,2124,2020
27/09/2019 11:12:02.612,2031,2126,2021
27/09/2019 11:12:02.622,2032,2126,2023
27/09/2019 11:12:02.632,2033,2124,2028
27/09/2019 11:12:02.642,2034,2120,2030
27/09/2019 11:12:02.652,2033,2122,2031
27/09/2019 11:12:02.662,2033,2123,2032
27/09/2019 11:12:02.672,2032,2124,2033
27/09/2019 11:12:02.682,2031,2126,2043
27/09/2019 11:12:02.692,2033,2129,2045
27/09/2019 11:12:02.702,2032,2129,2051
27/09/2019 11:12:02.712,2030,2129,2052
27/09/2019 11:12:02.722,2030,2128,2051
27/09/2019 11:12:02.732,2032,2128,2051
27/09/2019 11:12:02.742,2033,2128,2048
27/09/2019 11:12:02.752,2032,2126,2049
27/09/2019 11:12:02.762,2031,2127,2049
27/09/2019 11:12:02.772,2031,2128,2048
27/09/2019 11:12:02.782,2031,2127,2052
27/09/2019 11:12:02.792,2031,2128,2048
27/09/2019 11:12:02.802,2031,2126,2049
27/09/2019 11:12:02.812,2030,2126,2051
27/09/2019 11:12:02.822,2030,2129,2053
27/09/2019 11:12:02.832,2030,2129,2052
27/09/2019 11:12:02.842,2030,2128,2055
27/09/2019 11:12:02.852,2030,2131,2060
27/09/2019 11:12:02.862,2033,2119,2055
27/09/2019 11:12:02.872,2032,2123,2058
27/09/2019 11:12:02.882,2031,2126,2061
27/09/2019 11:12:02.892,2029,2127,2063
27/09/2019 11:12:02.902,2030,2128,2063
27/09/2019 11:12:02.912,2030,2126,2063
27/09/2019 11:12:02.922,2030,2127,2061
27/09/2019 11:12:02.932,2031,2130,2061
27/09/2019 11:12:02.942,2031,2129,2061
27/09/2019 11:12:02.952,2031,2129,2058
27/09/2019 11:12:02.962,2031,2128,2052
27/09/2019 11:12:02.972,2031,2128,2052
27/09/2019 11:12:02.982,2031,2130,2054
27/09/2019 11:12:02.992,2032,2129,2054
27/09/2019 11:12:03.002,2032,2128,2060
27/09/2019 11:12:03.012,2032,2128,2060
27/09/2019 11:12:03.022,2031,2129,2060
27/09/2019 11:12:03.032,2033,2129,2060
27/09/2019 11:12:03.042,2032,2133,2061
27/09/2019 11:12:03.052,2032,2133,2061
27/09/2019 11:12:03.062,2031,2134,2061
27/09/2019 11:12:03.072,2032,2133,2062
27/09/2019 11:12:03.082,2030,2140,2062
27/09/2019 11:12:03.092,2030,2135,2062
27/09/2019 11:12:03.102,2030,2131,2053
27/09/2019 11:12:03.112,2030,2130,2052
27/09/2019 11:12:03.122,2030,2129,2050
27/09/2019 11:12:03.132,2030,2130,2049
27/09/2019 11:12:03.142,2030,2127,2046
27/09/2019 11:12:03.152,2030,2126,2043
27/09/2019 11:12:03.162,2031,2124,2044
27/09/2019 11:12:03.172,2031,2120,2042
27/09/2019 11:12:03.182,2032,2120,2043
27/09/2019 11:12:03.192,2031,2122,2045
27/09/2019 11:12:03.202,2032,2121,2045
27/09/2019 11:12:03.212,2031,2125,2045
27/09/2019 11:12:03.222,2031,2127,2044
27/09/2019 11:12:03.232,2034,2128,2044
27/09/2019 11:12:03.242,2034,2129,2047
27/09/2019 11:12:03.252,2032,2130,2051
27/09/2019 11:12:03.262,2032,2130,2055
27/09/2019 11:12:03.272,2031,2129,2056
27/09/2019 11:12:03.282,2031,2131,2059
27/09/2019 11:12:03.292,2031,2131,2057
27/09/2019 11:12:03.302,2031,2134,2057
27/09/2019 11:12:03.312,2031,2134,2060
27/09/2019 11:12:03.322,2031,2138,2062
27/09/2019 11:12:03.332,2031,2139,2061
27/09/2019 11:12:03.342,2031,2136,2057
27/09/2019 11:12:03.352,2031,2134,2055
27/09/2019 11:12:03.362,2032,2134,2047
27/09/2019 11:12:03.372,2031,2131,2040
27/09/2019 11:12:03.382,2034,2130,2037
27/09/2019 11:12:03.392,2032,2131,2034
27/09/2019 11:12:03.402,2032,2130,2033
27/09/2019 11:12:03.412,2031,2127,2034
27/09/2019 11:12:03.422,2031,2128,2033
27/09/2019 11:12:03.432,2034,2128,2032
27/09/2019 11:12:03.442,2035,2127,2032
27/09/2019 11:12:03.452,2037,2128,2027
27/09/2019 11:12:03.462,2037,2127,2025
27/09/2019 11:12:03.472,2034,2123,2021
27/09/2019 11:12:03.482,2035,2123,2021
27/09/2019 11:12:03.492,2036,2118,2020
27/09/2019 11:12:03.502,2034,2117,2020
27/09/2019 11:12:03.512,2034,2114,2019
27/09/2019 11:12:03.522,2034,2113,2018
27/09/2019 11:12:03.532,2035,2114,2018
27/09/2019 11:12:03.542,2036,2112,2018
27/09/2019 11:12:03.552,2037,2112,2018
27/09/2019 11:12:03.562,2035,2112,2022
27/09/2019 11:12:03.572,2033,2112,2023
27/09/2019 11:12:03.582,2032,2112,2026
27/09/2019 11:12:03.592,2032,2114,2021
27/09/2019 11:12:03.602,2030,2112,2019
27/09/2019 11:12:03.612,2031,2106,2017
27/09/2019 11:12:03.622,2031,2109,2018
27/09/2019 11:12:03.632,2034,2114,2017
27/09/2019 11:12:03.642,2036,2117,2019
27/09/2019 11:12:03.652,2035,2119,2015
27/09/2019 11:12:03.662,2034,2118,2008
27/09/2019 11:12:03.672,2034,2119,2004
27/09/2019 11:12:03.682,2034,2121,2005
27/09/2019 11:12:03.692,2033,2121,2008
27/09/2019 11:12:03.702,2032,2125,2012
27/09/2019 11:12:03.712,2031,2126,2008
27/09/2019 11:12:03.722,2034,2126,2006
27/09/2019 11:12:03.732,2032,2126,2007
27/09/2019 11:12:03.742,2032,2125,2009
27/09/2019 11:12:03.752,2033,2126,2010
27/09/2019 11:12:03.762,2032,2125,2012
27/09/2019 11:12:03.772,2031,2125,2016
27/09/2019 11:12:03.782,2031,2123,2016
27/09/2019 11:12:03.792,2031,2122,2018
27/09/2019 11:12:03.802,2031,2123,2017
27/09/2019 11:12:03.812,2032,2126,2020
27/09/2019 11:12:03.822,2033,2125,2018
27/09/2019 11:12:03.832,2033,2126,2016
27/09/2019 11:12:03.842,2031,2124,2019
27/09/2019 11:12:03.852,2031,2124,2022
27/09/2019 11:12:03.862,2031,2125,2026
27/09/2019 11:12:03.872,2031,2127,2028
27/09/2019 11:12:03.882,2031,2127,2028
27/09/2019 11:12:03.892,2031,2124,2028
27/09/2019 11:12:03.902,2031,2125,2027
27/09/2019 11:12:03.912,2031,2127,2029
27/09/2019 11:12:03.922,2031,2128,2028
27/09/2019 11:12:03.932,2031,2128,2028
27/09/2019 11:12:03.942,2032,2128,2027
27/09/2019 11:12:03.952,2031,2126,2026
27/09/2019 11:12:03.962,2031,2127,2026
27/09/2019 11:12:03.972,2031,2126,2028
27/09/2019 11:12:03.982,2031,2127,2029
27/09/2019 11:12:03.992,2031,2128,2029
27/09/2019 11:12:04.002,2030,2126,2030
27/09/2019 11:12:04.012,2030,2127,2029
27/09/2019 11:12:04.022,2030,2128,2030
27/09/2019 11:12:04.032,2030,2127,2029
27/09/2019 11:12:04.042,2029,2128,2030
27/09/2019 11:12:04.052,2030,2128,2031
27/09/2019 11:12:04.062,2027,2128,2031
27/09/2019 11:12:04.072,2027,2126,2032
27/09/2019 11:12:04.082,2029,2126,2029
27/09/2019 11:12:04.092,2029,2127,2028
27/09/2019 11:12:04.102,2030,2127,2026
27/09/2019 11:12:04.112,2029,2128,2026
27/09/2019 11:12:04.122,2030,2128,2026
27/09/2019 11:12:04.132,2030,2128,2025
27/09/2019 11:12:04.142,2030,2127,2027
27/09/2019 11:12:04.152,2030,2126,2029
27/09/2019 11:12:04.162,2029,2125,2029
27/09/2019 11:12:04.172,2030,2126,2030
27/09/2019 11:12:04.182,2030,2127,2031
27/09/2019 11:12:04.192,2030,2126,2031
27/09/2019 11:12:04.202,2030,2126,2032
27/09/2019 11:12:04.212,2030,2127,2031
27/09/2019 11:12:04.222,2030,2128,2032
27/09/2019 11:12:04.232,2030,2125,2031
27/09/2019 11:12:04.242,2030,2126,2028
27/09/2019 11:12:04.252,2030,2124,2027
27/09/2019 11:12:04.262,2030,2122,2027
27/09/2019 11:12:04.272,2030,2122,2027
27/09/2019 11:12:04.282,2030,2123,2030
27/09/2019 11:12:04.292,2030,2124,2030
27/09/2019 11:12:04.302,2030,2124,2031
27/09/2019 11:12:04.312,2030,2126,2031
27/09/2019 11:12:04.322,2030,2126,2031
27/09/2019 11:12:04.332,2030,2125,2032
27/09/2019 11:12:04.342,2029,2125,2030
27/09/2019 11:12:04.352,2029,2125,2030
27/09/2019 11:12:04.362,2029,2124,2030
27/09/2019 11:12:04.372,2028,2124,2031
27/09/2019 11:12:04.382,2028,2124,2031
27/09/2019 11:12:04.392,2027,2124,2030
27/09/2019 11:12:04.402,2028,2125,2031
27/09/2019 11:12:04.412,2028,2127,2031
27/09/2019 11:12:04.422,2029,2128,2030
27/09/2019 11:12:04.432,2030,2125,2026
27/09/2019 11:12:04.442,2030,2124,2027
27/09/2019 11:12:04.452,2030,2125,2028
27/09/2019 11:12:04.462,2030,2125,2029
27/09/2019 11:12:04.472,2030,2125,2028
27/09/2019 11:12:04.482,2030,2125,2028
27/09/2019 11:12:04.492,2030,2125,2029
27/09/2019 11:12:04.502,2030,2122,2029
27/09/2019 11:12:04.512,2030,2124,2031
27/09/2019 11:12:04.522,2030,2123,2031
27/09/2019 11:12:04.532,2030,2122,2031
27/09/2019 11:12:04.542,2030,2123,2030
27/09/2019 11:12:04.552,2030,2125,2029
27/09/2019 11:12:04.562,2030,2124,2028
27/09/2019 11:12:04.572,2030,2124,2026
27/09/2019 11:12:04.582,2028,2124,2027
27/09/2019 11:12:04.592,2028,2124,2029
27/09/2019 11:12:04.602,2029,2122,2029
27/09/2019 11:12:04.612,2030,2121,2030
27/09/2019 11:12:04.622,2030,2121,2029
27/09/2019 11:12:04.632,2030,2124,2028
27/09/2019 11:12:04.642,2029,2124,2029
27/09/2019 11:12:04.652,2030,2123,2028
27/09/2019 11:12:04.662,2029,2124,2028
27/09/2019 11:12:04.672,2030,2124,2030
27/09/2019 11:12:04.682,2030,2120,2028
27/09/2019 11:12:04.692,2030,2124,2027
27/09/2019 11:12:04.702,2029,2124,2028
27/09/2019 11:12:04.712,2030,2125,2029
27/09/2019 11:12:04.722,2029,2126,2030
27/09/2019 11:12:04.732,2030,2126,2031
27/09/2019 11:12:04.742,2030,2125,2029
27/09/2019 11:12:04.752,2029,2125,2031
27/09/2019 11:12:04.762,2030,2125,2030
27/09/2019 11:12:04.772,2030,2126,2029
27/09/2019 11:12:04.782,2030,2123,2028
27/09/2019 11:12:04.792,2030,2123,2028
27/09/2019 11:12:04.802,2030,2122,2027
27/09/2019 11:12:04.812,2030,2122,2028
27/09/2019 11:12:04.822,2030,2123,2029
27/09/2019 11:12:04.832,2030,2126,2030
27/09/2019 11:12:04.842,2030,2126,2030
27/09/2019 11:12:04.852,2030,2124,2030
27/09/2019 11:12:04.862,2029,2124,2030
27/09/2019 11:12:04.872,2030,2124,2030
27/09/2019 11:12:04.882,2031,2122,2029
27/09/2019 11:12:04.892,2031,2122,2027
27/09/2019 11:12:04.902,2031,2124,2026
27/09/2019 11:12:04.912,2031,2124,2025
27/09/2019 11:12:04.922,2031,2125,2025
27/09/2019 11:12:04.932,2032,2127,2027
27/09/2019 11:12:04.942,2031,2126,2030
27/09/2019 11:12:04.952,2031,2127,2030
27/09/2019 11:12:04.962,2031,2126,2031
27/09/2019 11:12:04.972,2031,2124,2031
27/09/2019 11:12:04.982,2031,2124,2029
27/09/2019 11:12:04.992,2031,2125,2029
27/09/2019 11:12:05.002,2030,2125,2028
27/09/2019 11:12:05.012,2030,2124,2028
27/09/2019 11:12:05.022,2030,2123,2029
27/09/2019 11:12:05.032,2030,2124,2028
27/09/2019 11:12:05.042,2030,2123,2026
27/09/2019 11:12:05.052,2030,2123,2026
27/09/2019 11:12:05.062,2030,2123,2028
27/09/2019 11:12:05.072,2030,2122,2027
27/09/2019 11:12:05.082,2030,2121,2025
27/09/2019 11:12:05.092,2030,2121,2027
27/09/2019 11:12:05.102,2030,2121,2029
27/09/2019 11:12:05.112,2030,2123,2029
27/09/2019 11:12:05.122,2030,2125,2030
27/09/2019 11:12:05.132,2029,2127,2031
27/09/2019 11:12:05.142,2029,2126,2031
27/09/2019 11:12:05.152,2029,2126,2032
27/09/2019 11:12:05.162,2030,2125,2029
27/09/2019 11:12:05.172,2031,2124,2026
27/09/2019 11:12:05.182,2031,2125,2023
27/09/2019 11:12:05.192,2030,2126,2026
27/09/2019 11:12:05.202,2030,2125,2027
27/09/2019 11:12:05.212,2030,2126,2029
27/09/2019 11:12:05.222,2030,2126,2029
27/09/2019 11:12:05.232,2029,2126,2029
27/09/2019 11:12:05.242,2030,2125,2029
27/09/2019 11:12:05.252,2029,2127,2030
27/09/2019 11:12:05.262,2029,2127,2030
27/09/2019 11:12:05.272,2030,2123,2027
27/09/2019 11:12:05.282,2031,2123,2028
27/09/2019 11:12:05.292,2031,2122,2027
27/09/2019 11:12:05.302,2031,2125,2028
27/09/2019 11:12:05.312,2031,2124,2028
27/09/2019 11:12:05.322,2031,2122,2027
27/09/2019 11:12:05.332,2031,2123,2029
27/09/2019 11:12:05.342,2031,2122,2029
27/09/2019 11:12:05.352,2031,2124,2029
27/09/2019 11:12:05.362,2031,2126,2029
27/09/2019 11:12:05.372,2031,2126,2030
27/09/2019 11:12:05.382,2031,2127,2030
27/09/2019 11:12:05.392,2031,2127,2031
27/09/2019 11:12:05.402,2030,2127,2030
