Time,HR,BR,SkinTemp,Posture,Activity,PeakAccel,BatteryVolts,BatteryLevel,BRAmplitude,BRNoise,BRConfidence,ECGAmplitude,ECGNoise,HRConfidence,HRV,SystemConfidence,GSR,ROGState,ROGTime,VerticalMin,VerticalPeak,LateralMin,LateralPeak,SagittalMin,SagittalPeak,DeviceTemp,StatusInfo,LinkQuality,RSSI,TxPower,CoreTemp,AuxADC1,AuxADC2,AuxADC3
30/09/2019 10:19:18.446,65,6553.5,-3276.8,-84,0.58,2.39,4.123,87,0.000,65535.000,0,0.000000,0.000320,0,65535,0,65535,0,0,-1.61,1.21,-2.59,2.40,-0.49,2.32,23.8,699,255,-128,-128,6553.5,419,423,512
30/09/2019 10:19:19.446,65,6553.5,-3276.8,-43,0.89,1.30,4.121,86,0.000,65535.000,0,0.000000,0.002280,0,65535,0,65535,0,0,-1.65,-0.15,-0.31,1.38,-0.22,0.61,23.8,699,255,-128,-128,6553.5,416,423,509
30/09/2019 10:19:20.446,65,6553.5,-3276.8,-18,0.54,0.68,4.119,86,0.000,65535.000,0,0.011380,0.001920,0,65535,0,65535,0,0,-1.08,-0.90,-0.06,0.14,-0.19,-0.02,23.8,699,255,-128,-128,6553.5,413,421,500
30/09/2019 10:19:21.446,65,6553.5,-3276.8,-8,0.28,0.39,4.119,86,0.000,65535.000,0,0.011380,0.001440,0,65535,0,65535,0,0,-1.04,-0.92,-0.04,0.07,-0.21,0.01,23.8,699,255,-128,-128,6553.5,414,423,509
30/09/2019 10:19:22.446,65,6553.5,-3276.8,-4,0.13,0.20,4.119,86,0.000,65535.000,0,0.009940,0.002280,0,65535,0,65535,0,0,-1.07,-0.93,-0.02,0.18,-0.19,0.14,23.8,699,255,-128,-128,6553.5,412,420,505
30/09/2019 10:19:23.446,65,6553.5,-3276.8,4,0.09,0.18,4.119,86,0.000,65535.000,0,0.009940,0.002980,0,65535,0,65535,0,0,-1.07,-0.89,0.03,0.18,-0.19,-0.01,23.8,699,255,-128,-128,6553.5,414,422,509
30/09/2019 10:19:24.446,65,6553.5,-3276.8,6,0.08,0.14,4.119,86,0.000,65535.000,0,0.009600,0.001820,0,65535,0,65535,0,0,-1.15,-0.90,0.00,0.16,-0.20,-0.01,23.8,699,255,-128,-128,6553.5,415,415,507
30/09/2019 10:19:25.446,65,6553.5,-3276.8,5,0.06,0.10,4.113,85,0.000,65535.000,0,0.009600,0.001560,0,65535,0,65535,0,0,-1.04,-0.91,-0.02,0.09,-0.20,-0.01,23.8,699,255,-128,-128,6553.5,415,422,509
30/09/2019 10:19:26.446,65,6553.5,-3276.8,6,0.04,0.09,4.109,84,0.000,65535.000,0,0.007100,0.000960,0,65535,0,65535,0,0,-1.02,-0.96,0.00,0.07,-0.19,-0.03,23.8,699,255,-128,-128,6553.5,411,422,509
30/09/2019 10:19:27.446,65,6553.5,-3276.8,6,0.03,0.07,4.109,84,0.000,65535.000,0,0.007100,0.001500,0,65535,0,65535,0,0,-1.02,-0.93,-0.01,0.12,-0.18,-0.03,23.8,699,255,-128,-128,6553.5,415,423,509
30/09/2019 10:19:28.446,0,6553.5,-3276.8,5,0.03,0.10,4.109,84,0.000,65535.000,0,0.000800,0.002060,0,65535,0,65535,0,0,-1.04,-0.95,-0.02,0.07,-0.16,0.00,23.8,699,255,-128,-128,6553.5,409,421,509
30/09/2019 10:19:29.446,0,6553.5,-3276.8,4,0.05,0.10,4.109,84,0.000,65535.000,0,0.000800,0.002820,0,65535,0,65535,0,0,-1.04,-0.96,-0.06,0.07,-0.18,0.03,23.8,699,255,-128,-128,6553.5,415,423,509
30/09/2019 10:19:30.446,0,6553.5,-3276.8,1,0.14,0.24,4.109,84,0.000,65535.000,0,0.000800,0.002040,0,65535,0,65535,0,0,-1.12,-0.89,-0.15,0.02,-0.20,0.18,23.8,699,255,-128,-128,6553.5,410,417,485
30/09/2019 10:19:31.446,0,6553.5,-3276.8,-1,0.07,0.13,4.109,84,0.000,65535.000,0,0.000800,0.001320,0,65535,0,65535,0,0,-1.03,-0.95,-0.07,0.02,0.01,0.14,23.8,699,255,-128,-128,6553.5,415,423,509
30/09/2019 10:19:32.446,0,6553.5,-3276.8,-3,0.07,0.13,4.109,84,0.000,65535.000,0,0.000800,0.002840,0,65535,0,65535,0,0,-1.06,-0.87,-0.07,0.02,0.01,0.18,23.8,699,255,-128,-128,6553.5,416,413,507
30/09/2019 10:19:33.446,0,6553.5,-3276.8,-4,0.04,0.09,4.109,84,0.000,65535.000,0,0.000800,0.002440,0,65535,0,65535,0,0,-1.04,-0.95,-0.06,0.02,0.02,0.18,23.8,699,255,-128,-128,6553.5,415,422,509
30/09/2019 10:19:34.446,0,6553.5,-3276.8,-1,0.10,0.26,4.109,84,0.000,65535.000,0,0.000800,0.004940,0,65535,0,65535,0,0,-1.03,-0.95,-0.01,0.18,-0.21,0.08,23.8,699,254,-15,12,6553.5,415,423,509
30/09/2019 10:19:35.446,0,6553.5,-3276.8,-1,0.11,0.21,4.107,84,0.000,65535.000,0,0.000800,0.003300,0,65535,0,65535,0,0,-1.10,-0.95,-0.22,0.16,-0.18,0.16,23.8,699,0,0,12,6553.5,417,424,510
30/09/2019 10:19:36.446,0,6553.5,-3276.8,-1,0.12,0.46,4.107,84,0.000,65535.000,0,0.000800,0.002360,0,65535,0,65535,0,0,-1.22,-0.59,-0.21,0.32,-0.60,0.26,23.8,699,254,0,12,6553.5,415,423,509
30/09/2019 10:19:37.446,0,6553.5,-3276.8,-2,0.08,0.19,4.107,84,0.000,65535.000,0,0.000800,0.001460,0,65535,0,65535,0,0,-1.13,-0.93,-0.08,0.20,-0.08,0.16,23.8,699,254,0,12,6553.5,411,421,508
30/09/2019 10:19:38.446,0,6553.5,-3276.8,-1,0.10,0.22,4.107,84,0.000,65535.000,0,0.000800,0.000880,0,65535,0,65535,0,0,-1.27,-0.87,-0.16,0.04,-0.18,0.14,23.8,699,254,0,12,6553.5,415,422,509
30/09/2019 10:19:39.446,0,6553.5,-3276.8,1,0.06,0.16,4.107,84,0.000,65535.000,0,0.000800,0.000500,0,65535,0,65535,0,0,-1.09,-0.92,-0.14,0.04,-0.14,0.14,23.8,699,254,-1,12,6553.5,416,424,509
30/09/2019 10:19:40.446,0,6553.5,-3276.8,1,0.10,0.25,4.107,84,0.000,65535.000,0,0.000800,0.000400,0,65535,0,65535,0,0,-1.16,-0.90,-0.15,0.20,-0.19,0.08,23.8,699,254,0,12,6553.5,415,423,509
30/09/2019 10:19:41.446,0,6553.5,-3276.8,1,0.08,0.22,4.107,84,0.000,65535.000,0,0.000800,0.000320,0,65535,0,65535,0,0,-1.15,-0.95,-0.06,0.18,-0.19,0.18,23.8,699,254,-2,12,6553.5,414,422,508
30/09/2019 10:19:42.446,0,6553.5,-3276.8,-1,0.08,0.25,4.107,84,0.000,65535.000,0,0.000800,0.000280,0,65535,0,65535,0,0,-1.10,-0.91,-0.07,0.20,-0.21,0.18,23.8,699,254,0,12,6553.5,415,423,509
30/09/2019 10:19:43.446,0,6553.5,-3276.8,6,0.17,0.25,4.107,84,0.000,65535.000,0,0.000800,0.000220,0,65535,0,65535,0,0,-1.02,-0.91,0.19,0.37,-0.18,0.02,23.8,699,254,-2,12,6553.5,415,423,508
30/09/2019 10:19:44.446,0,6553.5,-3276.8,10,0.18,0.49,4.107,84,0.000,65535.000,0,0.000800,0.000220,0,65535,0,65535,0,0,-1.04,-0.81,-0.36,0.37,-0.27,0.07,23.8,699,254,0,12,6553.5,417,423,510
30/09/2019 10:19:45.446,0,6553.5,-3276.8,10,0.46,0.56,4.106,84,0.000,65535.000,0,0.000800,0.000300,0,65535,0,65535,0,0,-0.95,-0.73,-0.65,-0.32,-0.26,-0.01,23.8,699,254,0,12,6553.5,414,422,510
30/09/2019 10:19:46.446,0,6553.5,-3276.8,17,0.29,0.48,4.106,84,0.000,65535.000,0,0.000800,0.000240,0,65535,0,65535,0,0,-1.07,-0.83,-0.56,0.28,-0.20,0.09,23.8,699,254,0,12,6553.5,416,424,510
30/09/2019 10:19:47.446,0,6553.5,-3276.8,5,0.32,0.39,4.106,84,0.000,65535.000,0,0.000800,0.000320,0,65535,0,65535,0,0,-1.14,-0.79,-0.02,0.24,-0.40,0.16,23.8,699,254,0,12,6553.5,416,423,509
30/09/2019 10:19:48.446,0,6553.5,-3276.8,8,0.21,0.33,4.106,84,0.000,65535.000,0,0.000800,0.000320,0,65535,0,65535,0,0,-1.10,-0.78,0.09,0.21,-0.36,-0.07,23.8,699,254,-7,12,6553.5,417,426,509
30/09/2019 10:19:49.446,0,6553.5,-3276.8,9,0.10,0.33,4.106,84,0.000,65535.000,0,0.000800,0.000280,0,65535,0,65535,0,0,-1.10,-0.78,0.09,0.21,-0.36,-0.07,23.8,699,254,0,12,6553.5,416,424,509
30/09/2019 10:19:50.446,0,6553.5,-3276.8,7,0.13,0.27,4.106,84,0.000,65535.000,0,0.000800,0.000260,0,65535,0,65535,0,0,-1.21,-0.86,-0.04,0.22,-0.21,0.09,23.8,699,254,-6,12,6553.5,421,429,515
30/09/2019 10:19:51.446,0,6553.5,-3276.8,8,0.12,0.22,4.106,84,0.000,65535.000,0,0.000800,0.000280,0,65535,0,65535,0,0,-1.03,-0.90,0.15,0.30,-0.15,0.14,23.8,699,254,0,12,6553.5,416,424,509
30/09/2019 10:19:52.446,0,6553.5,-3276.8,-6,0.13,0.26,4.106,84,0.000,65535.000,0,0.000800,0.000260,0,65535,0,65535,0,0,-1.06,-0.92,-0.07,0.22,-0.15,0.22,23.8,699,254,-4,12,6553.5,424,426,520
30/09/2019 10:19:53.446,0,6553.5,-3276.8,-4,0.12,0.22,4.106,84,0.000,65535.000,0,0.000800,0.000220,0,65535,0,65535,0,0,-1.14,-0.79,-0.01,0.21,-0.19,0.18,23.8,699,254,-3,12,6553.5,416,423,509
30/09/2019 10:19:54.446,0,6553.5,-3276.8,-4,0.10,0.24,4.104,84,0.000,65535.000,0,0.000800,0.000240,0,65535,0,65535,0,0,-1.07,-0.95,-0.13,0.04,0.03,0.19,23.8,699,254,-5,12,6553.5,427,433,519
30/09/2019 10:19:55.446,0,6553.5,-3276.8,-12,0.27,0.39,4.103,83,0.000,65535.000,0,0.000800,0.000320,0,65535,0,65535,0,0,-1.28,-0.78,-0.06,0.40,0.01,0.20,23.8,699,254,-14,12,6553.5,414,423,509
30/09/2019 10:19:56.446,0,6553.5,-3276.8,-17,0.12,0.36,4.103,83,0.000,65535.000,0,0.000800,0.000240,0,65535,0,65535,0,0,-0.97,-0.81,0.27,0.50,0.00,0.21,23.8,699,254,0,12,6553.5,418,427,511
30/09/2019 10:19:57.446,0,6553.5,-3276.8,-15,0.04,0.13,4.103,83,0.000,65535.000,0,0.000800,0.000280,0,65535,0,65535,0,0,-1.00,-0.91,0.21,0.38,0.04,0.18,23.8,699,254,-7,12,6553.5,416,423,509
30/09/2019 10:19:58.446,0,6553.5,-3276.8,-16,0.04,0.08,4.103,83,0.000,65535.000,0,0.000800,0.000260,0,65535,0,65535,0,0,-0.98,-0.91,0.21,0.31,0.01,0.18,23.8,699,254,0,12,6553.5,418,424,511
30/09/2019 10:19:59.446,0,6553.5,-3276.8,-15,0.05,0.18,4.103,83,0.000,65535.000,0,0.000800,0.000240,0,65535,0,65535,0,0,-1.18,-0.81,0.21,0.30,0.04,0.20,23.8,699,0,-6,12,6553.5,415,422,509
30/09/2019 10:20:00.446,0,6553.5,-3276.8,-17,0.08,0.15,4.103,83,0.000,65535.000,0,0.000800,0.000360,0,65535,0,65535,0,0,-1.04,-0.86,0.21,0.36,0.01,0.22,23.8,699,254,-4,12,6553.5,416,423,510
30/09/2019 10:20:01.446,0,6553.5,-3276.8,-17,0.03,0.18,4.103,83,0.000,65535.000,0,0.000800,0.000260,0,65535,0,65535,0,0,-1.00,-0.87,0.15,0.24,0.20,0.36,23.8,699,254,0,12,6553.5,416,424,509
30/09/2019 10:20:02.446,0,6553.5,-3276.8,-15,0.22,0.39,4.103,83,0.000,65535.000,0,0.000800,0.000320,0,65535,0,65535,0,0,-1.07,-0.66,0.10,0.32,-0.15,0.22,23.8,699,254,-3,12,6553.5,416,424,510
30/09/2019 10:20:03.446,0,6553.5,-3276.8,-17,0.04,0.43,4.103,83,0.000,65535.000,0,0.000800,0.000220,0,65535,0,65535,0,0,-1.33,-0.67,0.13,0.53,-0.19,0.20,23.8,699,254,-3,12,6553.5,415,422,509
30/09/2019 10:20:04.446,0,6553.5,-3276.8,-16,0.03,0.06,4.103,83,0.000,65535.000,0,0.000800,0.000200,0,65535,0,65535,0,0,-0.98,-0.93,0.21,0.32,0.08,0.18,23.8,699,0,-5,12,6553.5,415,423,508
30/09/2019 10:20:05.446,0,6553.5,-3276.8,-14,0.02,0.06,4.103,83,0.000,65535.000,0,0.000800,0.000260,0,65535,0,65535,0,0,-1.00,-0.93,0.19,0.27,0.09,0.18,23.8,699,254,-13,12,6553.5,415,423,509
30/09/2019 10:20:06.446,0,6553.5,-3276.8,-14,0.02,0.04,4.103,83,0.000,65535.000,0,0.000800,0.000220,0,65535,0,65535,0,0,-1.00,-0.93,0.20,0.26,0.08,0.18,23.8,699,254,-7,12,6553.5,415,424,509
30/09/2019 10:20:07.446,0,6553.5,-3276.8,-14,0.03,0.12,4.103,83,0.000,65535.000,0,0.000800,0.000200,0,65535,0,65535,0,0,-1.00,-0.92,0.20,0.27,0.01,0.18,23.8,699,254,0,12,6553.5,416,423,509
30/09/2019 10:20:08.446,0,6553.5,-3276.8,-14,0.04,0.12,4.103,83,0.000,65535.000,0,0.000800,0.000200,0,65535,0,65535,0,0,-1.00,-0.90,0.20,0.31,0.01,0.20,23.8,699,254,0,12,6553.5,416,423,510
30/09/2019 10:20:09.446,0,6553.5,-3276.8,-14,0.04,0.10,4.103,83,0.000,65535.000,0,0.000800,0.000300,0,65535,0,65535,0,0,-1.00,-0.90,0.20,0.28,0.02,0.18,23.8,699,254,0,12,6553.5,414,422,509
30/09/2019 10:20:10.446,0,6553.5,-3276.8,-15,0.08,0.36,4.103,83,0.000,65535.000,0,0.000800,0.000320,0,65535,0,65535,0,0,-1.38,-0.79,0.20,0.30,0.01,0.19,23.8,699,254,-6,12,6553.5,415,422,509
30/09/2019 10:20:11.446,0,6553.5,-3276.8,-14,0.05,0.22,4.103,83,0.000,65535.000,0,0.000800,0.000340,0,65535,0,65535,0,0,-1.06,-0.79,0.21,0.45,-0.01,0.24,23.8,699,254,-9,12,6553.5,415,424,509
30/09/2019 10:20:12.446,0,6553.5,-3276.8,-14,0.04,0.12,4.103,83,0.000,65535.000,0,0.000800,0.000240,0,65535,0,65535,0,0,-1.04,-0.92,0.10,0.25,0.01,0.25,23.8,699,190,-12,12,6553.5,415,422,509
30/09/2019 10:20:13.446,0,6553.5,-3276.8,-14,0.02,0.06,4.103,83,0.000,65535.000,0,0.000800,0.000200,0,65535,0,65535,0,0,-0.98,-0.93,0.21,0.28,0.13,0.19,23.9,699,254,-1,12,6553.5,416,424,510
30/09/2019 10:20:14.446,0,6553.5,-3276.8,-15,0.02,0.06,4.103,83,0.000,65535.000,0,0.000800,0.000160,0,65535,0,65535,0,0,-0.98,-0.92,0.20,0.30,0.13,0.19,23.9,699,254,-31,12,37.1,415,423,509
30/09/2019 10:20:15.446,0,6553.5,-3276.8,-15,0.05,0.09,4.103,83,0.000,65535.000,0,0.000800,0.000220,0,65535,0,65535,0,0,-0.98,-0.92,0.22,0.28,0.04,0.18,23.9,699,0,-9,12,37.1,416,423,509
30/09/2019 10:20:16.446,0,6553.5,-3276.8,-14,0.15,0.28,4.103,83,0.000,65535.000,0,0.000800,0.000240,0,65535,0,65535,0,0,-1.24,-0.81,0.13,0.34,-0.19,0.15,23.9,699,254,-6,12,37.1,415,422,509
30/09/2019 10:20:17.446,0,6553.5,-3276.8,13,0.10,0.33,4.103,83,0.000,65535.000,0,0.000800,0.000260,0,65535,0,65535,0,0,-1.21,-0.84,0.12,0.31,-0.24,0.07,23.9,699,254,-7,12,37.1,415,423,509
30/09/2019 10:20:18.446,0,6553.5,-3276.8,8,0.18,0.34,4.103,83,0.000,65535.000,0,0.000800,0.000260,0,65535,0,65535,0,0,-1.08,-0.87,-0.12,0.22,-0.22,0.01,23.9,699,254,-4,12,37.1,415,422,509
30/09/2019 10:20:19.446,0,6553.5,-3276.8,-3,0.13,0.33,4.103,83,0.000,65535.000,0,0.000800,0.000200,0,65535,0,65535,0,0,-1.06,-0.92,-0.10,0.03,-0.10,0.19,23.9,699,254,-11,12,37.1,416,423,509
30/09/2019 10:20:20.446,0,6553.5,-3276.8,7,0.14,0.24,4.103,83,0.000,65535.000,0,0.000800,0.000280,0,65535,0,65535,0,0,-1.08,-0.89,-0.04,0.20,-0.22,0.03,23.9,699,254,-8,12,37.1,415,422,509
30/09/2019 10:20:21.446,0,6553.5,-3276.8,8,0.07,0.15,4.103,83,0.000,65535.000,0,0.000800,0.000260,0,65535,0,65535,0,0,-1.09,-0.89,0.07,0.22,-0.19,0.07,23.9,699,254,0,12,37.1,414,423,509
30/09/2019 10:20:22.446,0,6553.5,-3276.8,10,0.04,0.14,4.103,83,0.000,65535.000,0,0.000800,0.000240,0,65535,0,65535,0,0,-1.08,-0.87,0.13,0.20,-0.16,0.03,23.9,699,254,-1,12,37.1,415,422,509
30/09/2019 10:20:23.446,0,6553.5,-3276.8,8,0.10,0.15,4.102,83,0.000,65535.000,0,0.000800,0.000200,0,65535,0,65535,0,0,-1.10,-0.91,0.03,0.26,-0.21,0.01,23.9,699,254,0,12,37.1,415,422,510
30/09/2019 10:20:24.446,0,6553.5,-3276.8,5,0.13,0.20,4.101,83,0.000,65535.000,0,0.000800,0.000300,0,65535,0,65535,0,0,-1.06,-0.95,-0.04,0.14,-0.13,0.13,23.9,699,254,0,12,37.1,416,422,509
30/09/2019 10:20:25.446,0,6553.5,-3276.8,6,0.19,0.40,4.101,83,0.000,65535.000,0,0.000800,0.000280,0,65535,0,65535,0,0,-1.44,-0.69,-0.01,0.32,-0.19,0.19,23.9,699,254,-3,12,37.1,415,423,509
30/09/2019 10:20:26.446,0,6553.5,-3276.8,5,0.15,0.50,4.101,83,0.000,65535.000,0,0.000800,0.000400,0,65535,0,65535,0,0,-1.45,-0.73,-0.16,0.19,-0.37,0.20,23.9,699,254,-1,12,37.1,414,423,509
30/09/2019 10:20:27.446,0,6553.5,-3276.8,6,0.14,0.26,4.101,83,0.000,65535.000,0,0.000800,0.000320,0,65535,0,65535,0,0,-1.16,-0.84,-0.01,0.25,-0.24,0.20,23.9,699,254,2,12,37.1,415,423,509
30/09/2019 10:20:28.446,0,6553.5,-3276.8,8,0.20,0.32,4.101,83,0.000,65535.000,0,0.000800,0.000500,0,65535,0,65535,0,0,-1.28,-0.73,-0.06,0.27,-0.24,0.18,23.9,699,254,0,12,37.1,415,424,509
30/09/2019 10:20:29.446,0,6553.5,-3276.8,11,0.08,0.22,4.101,83,0.000,65535.000,0,0.000800,0.000520,0,65535,0,65535,0,0,-1.20,-0.75,0.07,0.31,-0.19,-0.01,23.9,699,254,0,12,37.1,415,422,509
30/09/2019 10:20:30.446,0,6553.5,-3276.8,8,0.10,0.16,4.101,83,0.000,65535.000,0,0.000800,0.000400,0,65535,0,65535,0,0,-1.09,-0.93,0.02,0.21,-0.15,0.06,23.9,699,254,0,12,37.1,416,424,509
30/09/2019 10:20:31.446,0,6553.5,-3276.8,8,0.14,0.30,4.101,83,0.000,65535.000,0,0.000800,0.000360,0,65535,0,65535,0,0,-1.19,-0.72,-0.01,0.31,-0.19,0.10,23.9,699,254,0,12,37.1,406,418,508
30/09/2019 10:20:32.446,0,6553.5,-3276.8,7,0.11,0.27,4.101,83,0.000,65535.000,0,0.000800,0.000260,0,65535,0,65535,0,0,-1.20,-0.78,0.00,0.36,-0.21,0.18,23.9,699,254,0,12,37.1,418,424,509
30/09/2019 10:20:33.446,0,6553.5,-3276.8,8,0.10,0.15,4.101,83,0.000,65535.000,0,0.000800,0.000280,0,65535,0,65535,0,0,-1.07,-0.90,0.01,0.25,-0.19,0.02,24.0,699,254,0,12,37.1,415,422,509
30/09/2019 10:20:34.446,0,6553.5,-3276.8,7,0.10,0.22,4.101,83,0.000,65535.000,0,0.000800,0.000280,0,65535,0,65535,0,0,-1.13,-0.89,0.02,0.19,-0.21,0.15,24.0,699,254,-1,12,37.1,415,423,509
30/09/2019 10:20:35.446,0,6553.5,-3276.8,7,0.15,0.25,4.101,83,0.000,65535.000,0,0.000800,0.000280,0,65535,0,65535,0,0,-1.16,-0.78,-0.02,0.25,-0.19,0.20,24.0,699,254,0,12,37.1,416,424,510
30/09/2019 10:20:36.446,0,6553.5,-3276.8,-12,0.18,0.33,4.101,83,0.000,65535.000,0,0.000800,0.000260,0,65535,0,65535,0,0,-1.12,-0.72,0.18,0.34,-0.19,0.32,24.0,699,254,0,12,37.1,415,423,509
30/09/2019 10:20:37.446,0,6553.5,-3276.8,-17,0.16,0.26,4.101,83,0.000,65535.000,0,0.000800,0.000220,0,65535,0,65535,0,0,-0.97,-0.81,0.26,0.43,0.14,0.24,24.0,699,254,-1,12,37.1,415,423,509
30/09/2019 10:20:38.446,0,6553.5,-3276.8,-20,0.10,0.15,4.101,83,0.000,65535.000,0,0.000800,0.000200,0,65535,0,65535,0,0,-0.95,-0.84,0.31,0.40,0.19,0.24,24.0,699,254,-5,12,37.1,415,423,509
30/09/2019 10:20:39.446,0,6553.5,-3276.8,-22,0.06,0.09,4.101,83,0.000,65535.000,0,0.000800,0.000280,0,65535,0,65535,0,0,-0.93,-0.84,0.34,0.42,0.19,0.24,24.0,699,254,-9,12,37.1,415,423,509
30/09/2019 10:20:40.446,0,6553.5,-3276.8,-24,0.04,0.08,4.101,83,0.000,65535.000,0,0.000800,0.000220,0,65535,0,65535,0,0,-0.92,-0.84,0.37,0.43,0.19,0.24,24.0,699,254,0,12,37.1,416,423,510
30/09/2019 10:20:41.446,0,6553.5,-3276.8,-25,0.03,0.08,4.101,83,0.000,65535.000,0,0.000800,0.000180,0,65535,0,65535,0,0,-0.91,-0.80,0.38,0.44,0.19,0.25,24.0,699,254,-8,12,37.1,416,423,509
30/09/2019 10:20:42.446,0,6553.5,-3276.8,-27,0.02,0.12,4.101,83,0.000,65535.000,0,0.000800,0.000160,0,65535,0,65535,0,0,-0.90,-0.81,0.38,0.57,0.19,0.25,24.0,699,254,-2,12,37.1,414,423,509
30/09/2019 10:20:43.446,0,6553.5,-3276.8,-27,0.02,0.04,4.101,83,0.000,65535.000,0,0.000800,0.000160,0,65535,0,65535,0,0,-0.90,-0.81,0.39,0.44,0.19,0.25,24.0,699,254,-6,12,37.1,416,423,508
30/09/2019 10:20:44.446,0,6553.5,-3276.8,-27,0.01,0.03,4.101,83,0.000,65535.000,0,0.000800,0.000160,0,65535,0,65535,0,0,-0.91,-0.83,0.38,0.44,0.19,0.24,24.0,699,254,-3,12,37.1,415,423,509
30/09/2019 10:20:45.446,0,6553.5,-3276.8,-27,0.02,0.04,4.101,83,0.000,65535.000,0,0.000800,0.000160,0,65535,0,65535,0,0,-0.89,-0.81,0.39,0.45,0.19,0.25,24.0,699,254,0,12,37.1,416,423,509
30/09/2019 10:20:46.446,0,6553.5,-3276.8,-27,0.02,0.06,4.101,83,0.000,65535.000,0,0.000800,0.000200,0,65535,0,65535,0,0,-0.90,-0.80,0.38,0.46,0.19,0.25,24.0,699,254,0,12,37.1,415,423,509
30/09/2019 10:20:47.446,0,6553.5,-3276.8,-27,0.01,0.03,4.101,83,0.000,65535.000,0,0.000800,0.000160,0,65535,0,65535,0,0,-0.90,-0.83,0.38,0.45,0.19,0.25,24.0,699,254,0,12,37.1,415,423,509
30/09/2019 10:20:48.446,0,6553.5,-3276.8,-27,0.02,0.04,4.101,83,0.000,65535.000,0,0.000800,0.000100,0,65535,0,65535,0,0,-0.90,-0.80,0.39,0.46,0.19,0.25,24.0,699,254,0,12,37.1,414,422,509
30/09/2019 10:20:49.446,0,6553.5,-3276.8,-27,0.01,0.03,4.101,83,0.000,65535.000,0,0.000800,0.000100,0,65535,0,65535,0,0,-0.89,-0.81,0.39,0.46,0.19,0.26,24.0,699,254,-5,12,37.1,415,423,508
30/09/2019 10:20:50.446,0,6553.5,-3276.8,-29,0.01,0.04,4.101,83,0.000,65535.000,0,0.000800,0.000120,0,65535,0,65535,0,0,-0.90,-0.80,0.40,0.46,0.19,0.25,24.0,699,254,0,12,37.1,415,422,509
30/09/2019 10:20:51.446,0,6553.5,-3276.8,-26,0.09,0.20,4.101,83,0.000,65535.000,0,0.000800,0.000340,0,65535,0,65535,0,0,-1.01,-0.79,0.21,0.45,0.20,0.32,24.0,699,255,-128,-128,37.1,416,424,509
30/09/2019 10:20:52.446,0,6553.5,-3276.8,-22,0.12,0.16,4.101,83,0.000,65535.000,0,0.000800,0.000500,0,65535,0,65535,0,0,-0.97,-0.87,0.20,0.26,0.19,0.32,24.1,699,255,-128,-128,37.1,414,423,509
30/09/2019 10:20:53.446,0,6553.5,-3276.8,-21,0.06,0.09,4.101,83,0.000,65535.000,0,0.000800,0.000440,0,65535,0,65535,0,0,-0.98,-0.87,0.21,0.25,0.21,0.33,24.1,699,255,-128,-128,37.1,415,422,509
30/09/2019 10:20:54.446,0,6553.5,-3276.8,-21,0.07,0.25,4.101,83,0.000,65535.000,0,0.000800,0.000500,0,65535,0,65535,0,0,-0.98,-0.78,0.20,0.34,0.19,0.48,24.1,699,255,-128,-128,37.1,415,423,509
30/09/2019 10:20:55.446,0,6553.5,-3276.8,-22,0.13,0.56,4.101,83,0.000,65535.000,0,0.000800,0.000500,0,65535,0,65535,0,0,-1.60,-0.10,-0.27,0.45,0.20,0.49,24.1,699,255,-128,-128,37.1,415,422,509
30/09/2019 10:20:56.446,0,6553.5,-3276.8,-24,0.05,0.26,4.101,83,0.000,65535.000,0,0.000800,0.000440,0,65535,0,65535,0,0,-1.14,-0.78,0.20,0.59,0.26,0.40,24.1,699,255,-128,-128,37.1,415,422,509
30/09/2019 10:20:57.446,0,6553.5,-3276.8,-24,0.05,0.10,4.101,83,0.000,65535.000,0,0.000800,0.000340,0,65535,0,65535,0,0,-0.98,-0.79,0.22,0.36,0.22,0.33,24.1,699,255,-128,-128,37.1,415,422,509
30/09/2019 10:20:58.446,0,6553.5,-3276.8,-24,0.06,0.12,4.101,83,0.000,65535.000,0,0.000800,0.000300,0,65535,0,65535,0,0,-0.97,-0.79,0.21,0.39,0.26,0.38,24.1,699,255,-128,-128,37.1,416,424,509
30/09/2019 10:20:59.446,0,6553.5,-3276.8,-25,0.06,0.12,4.101,83,0.000,65535.000,0,0.000800,0.000280,0,65535,0,65535,0,0,-0.97,-0.79,0.21,0.39,0.27,0.42,24.1,699,255,-128,-128,37.1,415,422,509
30/09/2019 10:21:00.446,0,6553.5,-3276.8,-26,0.05,0.09,4.101,83,0.000,65535.000,0,0.000800,0.000260,0,65535,0,65535,0,0,-0.96,-0.79,0.25,0.39,0.28,0.34,24.1,699,255,-128,-128,37.1,418,426,511
30/09/2019 10:21:01.446,0,6553.5,-3276.8,-26,0.04,0.10,4.101,83,0.000,65535.000,0,0.000800,0.000300,0,65535,0,65535,0,0,-0.95,-0.80,0.24,0.40,0.25,0.37,24.1,699,255,-128,-128,37.1,415,423,509
30/09/2019 10:21:02.446,0,6553.5,-3276.8,-27,0.03,0.07,4.101,83,0.000,65535.000,0,0.000800,0.000240,0,65535,0,65535,0,0,-0.92,-0.81,0.31,0.42,0.26,0.37,24.1,699,255,-128,-128,37.1,418,428,511
30/09/2019 10:21:03.446,0,6553.5,-3276.8,-27,0.03,0.06,4.101,83,0.000,65535.000,0,0.000800,0.000220,0,65535,0,65535,0,0,-0.91,-0.80,0.30,0.40,0.26,0.36,24.1,699,255,-128,-128,37.1,415,422,509
30/09/2019 10:21:04.446,0,6553.5,-3276.8,-27,0.05,0.15,4.101,83,0.000,65535.000,0,0.000800,0.000340,0,65535,0,65535,0,0,-0.97,-0.81,0.25,0.40,0.18,0.33,24.1,699,255,-128,-128,37.1,416,426,511
30/09/2019 10:21:05.446,0,6553.5,-3276.8,-22,0.09,0.13,4.101,83,0.000,65535.000,0,0.000800,0.000300,0,65535,0,65535,0,0,-0.97,-0.89,0.22,0.34,0.18,0.21,24.1,699,255,-128,-128,37.1,415,423,509
30/09/2019 10:21:06.446,0,6553.5,-3276.8,-21,0.04,0.08,4.101,83,0.000,65535.000,0,0.000800,0.000280,0,65535,0,65535,0,0,-0.97,-0.87,0.24,0.39,0.18,0.26,24.1,699,255,-128,-128,37.1,416,425,510
30/09/2019 10:21:07.446,0,6553.5,-3276.8,-22,0.03,0.07,4.101,83,0.000,65535.000,0,0.000800,0.000280,0,65535,0,65535,0,0,-0.97,-0.84,0.25,0.36,0.20,0.28,24.1,699,255,-128,-128,37.1,415,423,509
30/09/2019 10:21:08.446,0,6553.5,-3276.8,-22,0.03,0.07,4.101,83,0.000,65535.000,0,0.000800,0.000320,0,65535,0,65535,0,0,-0.95,-0.84,0.26,0.38,0.21,0.28,24.1,699,255,-128,-128,37.1,415,422,510
30/09/2019 10:21:09.446,0,6553.5,-3276.8,-22,0.02,0.07,4.101,83,0.000,65535.000,0,0.000800,0.000300,0,65535,0,65535,0,0,-0.95,-0.86,0.26,0.39,0.20,0.30,24.1,699,255,-128,-128,37.1,415,423,509
30/09/2019 10:21:10.446,0,6553.5,-3276.8,-22,0.04,0.09,4.101,83,0.000,65535.000,0,0.000800,0.000300,0,65535,0,65535,0,0,-0.95,-0.83,0.25,0.42,0.19,0.32,24.1,699,255,-128,-128,37.1,416,422,509
30/09/2019 10:21:11.446,0,6553.5,-3276.8,-24,0.05,0.10,4.101,83,0.000,65535.000,0,0.000800,0.000260,0,65535,0,65535,0,0,-0.97,-0.80,0.25,0.44,0.21,0.33,24.1,699,255,-128,-128,37.1,415,423,509
30/09/2019 10:21:12.446,0,6553.5,-3276.8,-25,0.03,0.07,4.100,83,0.000,65535.000,0,0.000800,0.000200,0,65535,0,65535,0,0,-0.92,-0.83,0.31,0.40,0.22,0.32,24.2,699,255,-128,-128,37.1,415,422,509
30/09/2019 10:21:13.446,0,6553.5,-3276.8,-26,0.03,0.12,4.100,83,0.000,65535.000,0,0.000800,0.000260,0,65535,0,65535,0,0,-1.01,-0.78,0.25,0.40,0.22,0.34,24.2,699,255,-128,-128,37.1,415,423,509
30/09/2019 10:21:14.446,0,6553.5,-3276.8,-26,0.05,0.13,4.100,83,0.000,65535.000,0,0.000800,0.000260,0,65535,0,65535,0,0,-0.96,-0.77,0.30,0.44,0.21,0.31,24.2,699,255,-128,-128,36.8,417,423,510
30/09/2019 10:21:15.446,0,6553.5,-3276.8,-27,0.04,0.12,4.100,83,0.000,65535.000,0,0.000800,0.000240,0,65535,0,65535,0,0,-0.96,-0.79,0.25,0.44,0.21,0.34,24.2,699,255,-128,-128,36.8,415,423,509
30/09/2019 10:21:16.446,0,6553.5,-3276.8,-27,0.02,0.06,4.100,83,0.000,65535.000,0,0.000800,0.000180,0,65535,0,65535,0,0,-0.92,-0.83,0.30,0.39,0.24,0.32,24.2,699,255,-128,-128,36.8,415,422,509
30/09/2019 10:21:17.446,0,6553.5,-3276.8,-27,0.02,0.06,4.100,83,0.000,65535.000,0,0.000800,0.000280,0,65535,0,65535,0,0,-0.93,-0.81,0.33,0.42,0.26,0.34,24.2,699,255,-128,-128,36.8,415,422,509
30/09/2019 10:21:18.446,0,6553.5,-3276.8,-27,0.03,0.09,4.100,83,0.000,65535.000,0,0.000800,0.000240,0,65535,0,65535,0,0,-0.93,-0.78,0.32,0.44,0.20,0.34,24.2,699,255,-128,-128,36.8,415,423,509
30/09/2019 10:21:19.446,0,6553.5,-3276.8,-28,0.04,0.08,4.100,83,0.000,65535.000,0,0.000800,0.000200,0,65535,0,65535,0,0,-0.93,-0.77,0.36,0.45,0.22,0.34,24.2,699,255,-128,-128,36.8,416,422,509
30/09/2019 10:21:20.446,0,6553.5,-3276.8,-29,0.02,0.08,4.100,83,0.000,65535.000,0,0.000800,0.000220,0,65535,0,65535,0,0,-0.93,-0.79,0.31,0.45,0.21,0.32,24.2,699,255,-128,-128,36.8,415,423,509
30/09/2019 10:21:21.446,0,6553.5,-3276.8,-29,0.03,0.08,4.100,83,0.000,65535.000,0,0.000800,0.000260,0,65535,0,65535,0,0,-0.90,-0.79,0.36,0.48,0.24,0.36,24.2,699,255,-128,-128,36.8,416,422,509
30/09/2019 10:21:22.446,0,6553.5,-3276.8,-28,0.03,0.08,4.100,83,0.000,65535.000,0,0.000800,0.000300,0,65535,0,65535,0,0,-0.93,-0.81,0.32,0.42,0.20,0.33,24.2,699,255,-128,-128,36.8,415,422,509
30/09/2019 10:21:23.446,0,6553.5,-3276.8,-27,0.03,0.07,4.100,83,0.000,65535.000,0,0.000800,0.000260,0,65535,0,65535,0,0,-0.95,-0.81,0.32,0.42,0.21,0.30,24.2,699,255,-128,-128,36.8,416,423,509
30/09/2019 10:21:24.446,0,6553.5,-3276.8,-27,0.03,0.09,4.100,83,0.000,65535.000,0,0.000800,0.000260,0,65535,0,65535,0,0,-0.91,-0.81,0.28,0.42,0.24,0.33,24.2,699,255,-128,-128,36.8,414,422,509
30/09/2019 10:21:25.446,0,6553.5,-3276.8,-27,0.02,0.06,4.100,83,0.000,65535.000,0,0.000800,0.000240,0,65535,0,65535,0,0,-0.91,-0.80,0.36,0.43,0.24,0.32,24.2,699,255,-128,-128,36.8,415,422,508
30/09/2019 10:21:26.446,0,6553.5,-3276.8,-28,0.02,0.04,4.100,83,0.000,65535.000,0,0.000800,0.000320,0,65535,0,65535,0,0,-0.90,-0.80,0.36,0.43,0.25,0.32,24.2,699,255,-128,-128,36.8,413,422,510
30/09/2019 10:21:27.446,0,6553.5,-3276.8,-28,0.02,0.04,4.100,83,0.000,65535.000,0,0.000800,0.000300,0,65535,0,65535,0,0,-0.89,-0.79,0.36,0.42,0.25,0.32,24.2,699,255,-128,-128,36.8,415,424,510
30/09/2019 10:21:28.446,0,6553.5,-3276.8,-28,0.02,0.06,4.100,83,0.000,65535.000,0,0.000800,0.000280,0,65535,0,65535,0,0,-0.90,-0.80,0.37,0.43,0.26,0.34,24.2,699,255,-128,-128,36.8,414,422,509
30/09/2019 10:21:29.446,0,6553.5,-3276.8,-29,0.01,0.06,4.100,83,0.000,65535.000,0,0.000800,0.000220,0,65535,0,65535,0,0,-0.91,-0.80,0.36,0.43,0.22,0.32,24.2,699,255,-128,-128,36.8,416,422,509
30/09/2019 10:21:30.446,0,6553.5,-3276.8,-29,0.02,0.06,4.100,83,0.000,65535.000,0,0.000800,0.000240,0,65535,0,65535,0,0,-0.91,-0.80,0.36,0.43,0.22,0.32,24.2,699,254,0,12,36.8,415,423,509
30/09/2019 10:21:31.446,0,6553.5,-3276.8,-29,0.02,0.04,4.100,83,0.000,65535.000,0,0.000800,0.000280,0,65535,0,65535,0,0,-0.90,-0.80,0.37,0.43,0.24,0.32,24.3,699,254,0,12,36.8,416,423,496
30/09/2019 10:21:32.446,0,6553.5,-3276.8,-30,0.03,0.10,4.100,83,0.000,65535.000,0,0.000800,0.000260,0,65535,0,65535,0,0,-0.90,-0.79,0.38,0.57,0.25,0.34,24.3,699,254,0,12,36.8,414,422,509
30/09/2019 10:21:33.446,0,6553.5,-3276.8,-30,0.03,0.07,4.100,83,0.000,65535.000,0,0.000800,0.000240,0,65535,0,65535,0,0,-0.87,-0.79,0.36,0.43,0.28,0.37,24.3,699,254,0,12,36.8,413,433,522
30/09/2019 10:21:34.446,0,6553.5,-3276.8,-29,0.05,0.12,4.100,83,0.000,65535.000,0,0.000800,0.000320,0,65535,0,65535,0,0,-0.95,-0.78,0.27,0.46,0.26,0.40,24.3,699,254,0,12,36.8,415,423,509
30/09/2019 10:21:35.446,0,6553.5,-3276.8,-29,0.04,0.13,4.100,83,0.000,65535.000,0,0.000800,0.000300,0,65535,0,65535,0,0,-0.95,-0.78,0.26,0.48,0.22,0.42,24.3,699,254,0,12,36.8,421,429,495
30/09/2019 10:21:36.446,0,6553.5,-3276.8,-29,0.02,0.07,4.100,83,0.000,65535.000,0,0.000800,0.000300,0,65535,0,65535,0,0,-0.92,-0.78,0.36,0.43,0.25,0.37,24.3,699,254,0,12,36.8,415,422,509
30/09/2019 10:21:37.446,0,6553.5,-3276.8,-29,0.02,0.03,4.100,83,0.000,65535.000,0,0.000800,0.000220,0,65535,0,65535,0,0,-0.89,-0.80,0.36,0.42,0.26,0.33,24.3,699,254,0,12,36.8,420,418,496
30/09/2019 10:21:38.446,0,6553.5,-3276.8,-29,0.01,0.03,4.100,83,0.000,65535.000,0,0.000800,0.000200,0,65535,0,65535,0,0,-0.87,-0.80,0.36,0.43,0.27,0.34,24.3,699,254,0,12,36.8,415,423,509
30/09/2019 10:21:39.446,0,6553.5,-3276.8,-29,0.01,0.03,4.100,83,0.000,65535.000,0,0.000800,0.000260,0,65535,0,65535,0,0,-0.89,-0.80,0.34,0.42,0.27,0.33,24.3,699,254,0,12,36.8,405,410,485
30/09/2019 10:21:40.446,0,6553.5,-3276.8,-29,0.01,0.03,4.100,83,0.000,65535.000,0,0.000800,0.000220,0,65535,0,65535,0,0,-0.86,-0.80,0.37,0.43,0.27,0.33,24.3,699,254,0,12,36.8,414,422,510
30/09/2019 10:21:41.446,0,6553.5,-3276.8,-30,0.02,0.04,4.100,83,0.000,65535.000,0,0.000800,0.000200,0,65535,0,65535,0,0,-0.89,-0.80,0.37,0.42,0.25,0.34,24.4,699,254,0,12,36.8,415,413,499
30/09/2019 10:21:42.446,0,6553.5,-3276.8,-30,0.02,0.03,4.100,83,0.000,65535.000,0,0.000800,0.000300,0,65535,0,65535,0,0,-0.87,-0.80,0.37,0.43,0.26,0.34,24.4,699,254,0,12,36.8,415,422,508
30/09/2019 10:21:43.446,0,6553.5,-3276.8,-30,0.02,0.04,4.100,83,0.000,65535.000,0,0.000800,0.000240,0,65535,0,65535,0,0,-0.89,-0.79,0.37,0.43,0.26,0.36,24.4,699,254,0,12,36.8,415,422,510
30/09/2019 10:21:44.446,0,6553.5,-3276.8,-31,0.02,0.06,4.100,83,0.000,65535.000,0,0.000800,0.000220,0,65535,0,65535,0,0,-0.89,-0.78,0.37,0.44,0.26,0.37,24.4,699,254,0,12,36.8,414,422,509
30/09/2019 10:21:45.446,0,6553.5,-3276.8,-31,0.02,0.06,4.100,83,0.000,65535.000,0,0.000800,0.000180,0,65535,0,65535,0,0,-0.86,-0.79,0.37,0.45,0.26,0.39,24.4,699,254,0,12,36.8,415,422,509
30/09/2019 10:21:46.446,0,6553.5,-3276.8,-31,0.02,0.07,4.100,83,0.000,65535.000,0,0.000800,0.000240,0,65535,0,65535,0,0,-0.89,-0.78,0.39,0.46,0.24,0.36,24.4,699,254,0,12,36.8,415,422,510
30/09/2019 10:21:47.446,0,6553.5,-3276.8,-31,0.01,0.03,4.100,83,0.000,65535.000,0,0.000800,0.000200,0,65535,0,65535,0,0,-0.87,-0.79,0.39,0.45,0.27,0.33,24.4,699,254,0,12,36.8,415,423,509
30/09/2019 10:21:48.446,0,6553.5,-3276.8,-31,0.02,0.04,4.100,83,0.000,65535.000,0,0.000800,0.000180,0,65535,0,65535,0,0,-0.86,-0.79,0.38,0.46,0.26,0.33,24.4,699,254,0,12,36.8,415,423,509
30/09/2019 10:21:49.446,0,6553.5,-3276.8,-31,0.01,0.04,4.100,83,0.000,65535.000,0,0.000800,0.000180,0,65535,0,65535,0,0,-0.85,-0.79,0.39,0.46,0.25,0.34,24.4,699,254,0,12,36.8,416,422,510
30/09/2019 10:21:50.446,0,6553.5,-3276.8,-31,0.02,0.03,4.099,83,0.000,65535.000,0,0.000800,0.000160,0,65535,0,65535,0,0,-0.86,-0.79,0.38,0.44,0.25,0.34,24.4,699,254,0,12,36.8,413,421,509
30/09/2019 10:21:51.446,0,6553.5,-3276.8,-32,0.03,0.09,4.099,83,0.000,65535.000,0,0.000800,0.000180,0,65535,0,65535,0,0,-0.89,-0.78,0.39,0.53,0.25,0.33,24.5,699,254,0,12,36.8,416,423,509
30/09/2019 10:21:52.446,0,6553.5,-3276.8,-32,0.02,0.07,4.099,83,0.000,65535.000,0,0.000800,0.000160,0,65535,0,65535,0,0,-0.86,-0.77,0.42,0.50,0.24,0.33,24.5,699,254,0,12,36.8,415,422,509
30/09/2019 10:21:53.446,0,6553.5,-3276.8,-31,0.02,0.04,4.099,83,0.000,65535.000,0,0.000800,0.000240,0,65535,0,65535,0,0,-0.86,-0.79,0.39,0.49,0.25,0.32,24.5,699,254,0,12,36.8,416,423,510
30/09/2019 10:21:54.446,0,6553.5,-3276.8,-32,0.02,0.04,4.099,83,0.000,65535.000,0,0.000800,0.000220,0,65535,0,65535,0,0,-0.86,-0.78,0.40,0.50,0.24,0.30,24.5,699,254,0,12,36.8,415,422,509
30/09/2019 10:21:55.446,0,6553.5,-3276.8,-31,0.04,0.06,4.099,83,0.000,65535.000,0,0.000800,0.000280,0,65535,0,65535,0,0,-0.85,-0.78,0.40,0.49,0.21,0.32,24.5,17083,254,0,12,36.8,416,423,510
30/09/2019 10:21:56.446,0,6553.5,-3276.8,-19,0.34,0.49,4.099,83,0.000,65535.000,0,0.000800,0.000320,0,65535,0,65535,0,0,-1.14,-0.75,0.14,0.48,-0.19,0.39,24.5,17083,254,0,12,36.8,415,423,510
30/09/2019 10:21:57.446,0,6553.5,-3276.8,-12,0.22,0.80,4.099,83,0.000,65535.000,0,0.000800,0.000500,0,65535,0,65535,0,0,-1.20,-0.14,-0.72,0.40,-0.27,0.31,24.5,17083,254,1,12,36.8,416,424,509
30/09/2019 10:21:58.446,0,6553.5,-3276.8,-10,0.06,0.16,4.099,83,0.000,65535.000,0,0.000800,0.000360,0,65535,0,65535,0,0,-1.04,-0.95,0.04,0.21,0.01,0.18,24.5,17083,254,0,12,36.8,420,425,510
30/09/2019 10:21:59.446,0,6553.5,-3276.8,-10,0.06,0.14,4.099,83,0.000,65535.000,0,0.000800,0.000380,0,65535,0,65535,0,0,-1.07,-0.92,0.03,0.20,0.01,0.15,24.5,17083,254,0,12,36.8,414,423,508
30/09/2019 10:22:00.446,0,6553.5,-3276.8,-13,0.19,0.86,4.099,83,0.000,65535.000,0,0.000800,0.000560,0,65535,0,65535,0,0,-1.24,-0.67,-1.19,0.54,-0.15,0.18,24.5,17083,254,0,12,36.8,416,423,508
30/09/2019 10:22:01.446,0,6553.5,-3276.8,-14,0.07,0.54,4.099,83,0.000,65535.000,0,0.000800,0.000880,0,65535,0,65535,0,0,-1.14,-0.77,-0.62,0.71,-0.06,0.27,24.5,17083,254,0,12,36.8,416,423,509
30/09/2019 10:22:02.446,0,6553.5,-3276.8,-11,0.12,0.42,4.099,83,0.000,65535.000,0,0.000800,0.001080,0,65535,0,65535,0,0,-1.19,-0.78,-0.15,0.37,-0.26,0.15,24.5,17083,254,0,12,36.8,415,423,509
30/09/2019 10:22:03.446,0,6553.5,-3276.8,-12,0.11,0.24,4.099,83,0.000,65535.000,0,0.000800,0.000800,0,65535,0,65535,0,0,-1.09,-0.86,0.07,0.36,0.04,0.34,24.5,17083,254,0,12,36.8,417,423,509
30/09/2019 10:22:04.446,0,6553.5,-3276.8,-10,0.12,0.25,4.099,83,0.000,65535.000,0,0.000800,0.000820,0,65535,0,65535,0,0,-1.14,-0.84,0.00,0.21,-0.09,0.36,24.5,17083,254,0,12,36.8,414,422,509
30/09/2019 10:22:05.446,0,6553.5,-3276.8,-10,0.08,0.13,4.099,83,0.000,65535.000,0,0.000800,0.000560,0,65535,0,65535,0,0,-1.04,-0.95,0.09,0.20,-0.04,0.03,24.5,17083,254,0,12,36.8,417,424,509
30/09/2019 10:22:06.446,0,6553.5,-3276.8,-10,0.11,0.22,4.099,83,0.000,65535.000,0,0.000800,0.000420,0,65535,0,65535,0,0,-1.06,-0.90,0.01,0.21,-0.19,0.28,24.5,17083,254,0,12,36.8,415,423,509
30/09/2019 10:22:07.446,0,6553.5,-3276.8,-4,0.19,0.33,4.099,83,0.000,65535.000,0,0.000800,0.000940,0,65535,0,65535,0,0,-1.19,-0.93,-0.12,0.20,-0.16,0.18,24.5,17083,254,0,12,36.8,415,424,509
30/09/2019 10:22:08.446,0,6553.5,-3276.8,-5,0.30,0.54,4.099,83,0.000,65535.000,0,0.000800,0.001360,0,65535,0,65535,0,0,-1.37,-0.54,-0.42,0.48,-0.16,0.48,24.5,17083,254,0,12,36.8,416,423,510
30/09/2019 10:22:09.446,0,6553.5,-3276.8,-2,0.16,1.63,4.099,83,0.000,65535.000,0,0.000800,0.001600,0,65535,0,65535,0,0,-1.79,-0.07,-1.46,1.16,-0.44,1.00,24.5,17083,254,0,12,36.8,416,422,509
30/09/2019 10:22:10.446,0,6553.5,-3276.8,-4,0.13,0.24,4.098,83,0.000,65535.000,0,0.000800,0.002780,0,65535,0,65535,0,0,-1.19,-0.75,-0.14,0.19,-0.14,0.25,24.6,699,254,0,12,36.8,415,422,509
30/09/2019 10:22:11.446,0,6553.5,-3276.8,-6,0.24,0.97,4.098,83,0.000,65535.000,0,0.000800,0.002520,0,65535,0,65535,0,0,-1.40,-0.55,-1.24,0.42,-0.44,0.43,24.6,699,254,0,12,36.8,417,423,509
30/09/2019 10:22:12.446,0,6553.5,-3276.8,-5,0.05,0.71,4.098,83,0.000,65535.000,0,0.000800,0.002280,0,65535,0,65535,0,0,-1.15,-0.79,-0.66,0.28,-0.54,1.07,24.6,699,254,2,12,36.8,415,423,508
30/09/2019 10:22:13.446,0,6553.5,-3276.8,-8,0.31,1.06,4.098,83,0.000,65535.000,0,0.000800,0.002900,0,65535,0,65535,0,0,-1.80,-0.20,-1.01,1.07,-1.15,0.32,24.6,699,254,0,12,36.8,424,431,521
30/09/2019 10:22:14.446,0,6553.5,-3276.8,-7,0.23,0.55,4.098,83,0.000,65535.000,0,0.000800,0.003280,0,65535,0,65535,0,0,-1.55,-0.61,-0.21,0.39,-0.07,0.33,24.6,699,254,0,12,36.2,415,423,509
30/09/2019 10:22:15.446,0,6553.5,-3276.8,-6,0.23,0.92,4.098,83,0.000,65535.000,0,0.000800,0.003660,0,65535,0,65535,0,0,-1.61,-0.59,-0.98,0.73,-0.53,0.55,24.6,699,254,0,12,36.2,421,434,513
30/09/2019 10:22:16.446,0,6553.5,-3276.8,-8,0.16,0.91,4.098,83,0.000,65535.000,0,0.000800,0.002340,0,65535,0,65535,0,0,-1.91,0.13,-0.61,0.56,-0.09,0.28,24.6,699,254,-1,12,36.2,415,422,509
30/09/2019 10:22:17.446,0,6553.5,-3276.8,-10,0.08,0.30,4.098,83,0.000,65535.000,0,0.000800,0.001580,0,65535,0,65535,0,0,-1.15,-0.57,-0.20,0.15,0.16,0.31,24.6,699,254,-11,12,36.2,418,429,511
30/09/2019 10:22:18.446,0,6553.5,-3276.8,-10,0.10,0.31,4.098,83,0.000,65535.000,0,0.000800,0.001360,0,65535,0,65535,0,0,-1.24,-0.71,-0.16,0.16,0.02,0.25,24.6,699,254,0,12,36.2,415,424,509
30/09/2019 10:22:19.446,0,6553.5,-3276.8,-7,0.17,0.32,4.098,83,0.000,65535.000,0,0.000800,0.001000,0,65535,0,65535,0,0,-1.15,-0.68,-0.20,0.22,-0.02,0.20,24.7,699,254,0,12,36.2,417,426,510
30/09/2019 10:22:20.446,0,6553.5,-3276.8,-4,0.10,0.43,4.098,83,0.000,65535.000,0,0.000800,0.000780,0,65535,0,65535,0,0,-1.49,-0.85,-0.34,0.19,-0.16,0.18,24.7,699,254,0,12,36.2,415,423,509
30/09/2019 10:22:21.446,0,6553.5,-3276.8,-4,0.06,0.14,4.098,83,0.000,65535.000,0,0.000800,0.000640,0,65535,0,65535,0,0,-1.08,-0.79,-0.10,0.10,-0.06,0.24,24.7,699,254,0,12,36.2,415,423,510
30/09/2019 10:22:22.446,0,6553.5,-3276.8,-6,0.05,0.12,4.098,83,0.000,65535.000,0,0.000800,0.000580,0,65535,0,65535,0,0,-1.09,-0.92,-0.08,0.04,0.06,0.18,24.7,699,254,0,12,36.2,415,422,509
30/09/2019 10:22:23.446,0,6553.5,-3276.8,-7,0.03,0.06,4.098,83,0.000,65535.000,0,0.000800,0.000660,0,65535,0,65535,0,0,-1.02,-0.95,-0.04,0.01,0.08,0.19,24.7,699,254,0,12,36.2,415,423,509
30/09/2019 10:22:24.446,0,6553.5,-3276.8,-7,0.03,0.06,4.098,83,0.000,65535.000,0,0.000800,0.000780,0,65535,0,65535,0,0,-1.03,-0.92,-0.07,0.01,0.06,0.19,24.7,699,254,0,12,36.2,415,423,509
30/09/2019 10:22:25.446,0,6553.5,-3276.8,-8,0.01,0.04,4.098,83,0.000,65535.000,0,0.000800,0.000540,0,65535,0,65535,0,0,-1.03,-0.97,-0.04,0.03,0.10,0.19,24.7,699,254,0,12,36.2,415,423,509
30/09/2019 10:22:26.446,0,6553.5,-3276.8,-8,0.02,0.04,4.098,83,0.000,65535.000,0,0.000800,0.000440,0,65535,0,65535,0,0,-1.03,-0.96,-0.06,0.02,0.09,0.18,24.7,699,254,0,12,36.2,415,423,509
30/09/2019 10:22:27.446,0,6553.5,-3276.8,-8,0.02,0.04,4.098,83,0.000,65535.000,0,0.000800,0.000340,0,65535,0,65535,0,0,-1.03,-0.95,-0.06,0.01,0.14,0.18,24.7,699,254,0,12,36.2,415,424,509
30/09/2019 10:22:28.446,0,6553.5,-3276.8,-8,0.01,0.03,4.098,83,0.000,65535.000,0,0.000800,0.000280,0,65535,0,65535,0,0,-1.01,-0.96,-0.04,0.02,0.14,0.19,24.7,699,254,0,12,36.2,414,422,509
30/09/2019 10:22:29.446,0,6553.5,-3276.8,-10,0.02,0.08,4.098,83,0.000,65535.000,0,0.000800,0.000240,0,65535,0,65535,0,0,-1.14,-0.92,-0.04,0.02,0.09,0.20,24.8,699,254,0,12,36.2,416,422,509
30/09/2019 10:22:30.446,0,6553.5,-3276.8,-8,0.03,0.15,4.098,83,0.000,65535.000,0,0.000800,0.000280,0,65535,0,65535,0,0,-1.07,-0.95,-0.09,0.06,0.01,0.22,24.8,699,254,0,12,36.2,414,423,509
30/09/2019 10:22:31.446,0,6553.5,-3276.8,-8,0.04,0.21,4.098,83,0.000,65535.000,0,0.000800,0.000420,0,65535,0,65535,0,0,-1.33,-0.86,-0.12,0.13,0.04,0.20,24.8,699,254,0,12,36.2,416,423,510
30/09/2019 10:22:32.446,0,6553.5,-3276.8,-7,0.07,0.18,4.098,83,0.000,65535.000,0,0.000800,0.000400,0,65535,0,65535,0,0,-1.14,-0.91,-0.07,0.08,0.00,0.31,24.8,699,254,0,12,36.2,415,423,509
30/09/2019 10:22:33.446,0,6553.5,-3276.8,-7,0.08,0.16,4.098,83,0.000,65535.000,0,0.000800,0.000320,0,65535,0,65535,0,0,-1.16,-0.89,-0.15,0.02,0.00,0.22,24.8,699,254,0,12,36.2,417,425,509
30/09/2019 10:22:34.446,0,6553.5,-3276.8,-4,0.10,0.21,4.098,83,0.000,65535.000,0,0.000800,0.000340,0,65535,0,65535,0,0,-1.08,-0.95,-0.09,0.20,-0.04,0.14,24.8,699,254,0,12,36.2,414,422,509
30/09/2019 10:22:35.446,0,6553.5,-3276.8,-1,0.12,0.22,4.098,83,0.000,65535.000,0,0.000800,0.000260,0,65535,0,65535,0,0,-1.04,-0.89,-0.06,0.15,-0.19,0.01,24.8,699,254,0,12,36.2,415,423,508
30/09/2019 10:22:36.446,0,6553.5,-3276.8,-5,0.14,0.24,4.098,83,0.000,65535.000,0,0.000800,0.000260,0,65535,0,65535,0,0,-1.10,-0.93,-0.02,0.20,-0.02,0.28,24.8,699,254,0,12,36.2,414,423,509
30/09/2019 10:22:37.446,0,6553.5,-3276.8,-10,0.15,0.25,4.098,83,0.000,65535.000,0,0.000800,0.000340,0,65535,0,65535,0,0,-0.98,-0.78,0.13,0.21,0.21,0.28,24.9,699,254,0,12,36.2,416,423,510
30/09/2019 10:22:38.446,0,6553.5,-3276.8,-14,0.09,0.15,4.098,83,0.000,65535.000,0,0.000800,0.000340,0,65535,0,65535,0,0,-0.98,-0.89,0.15,0.25,0.19,0.32,24.9,699,254,0,12,36.2,415,422,509
30/09/2019 10:22:39.446,0,6553.5,-3276.8,-18,0.08,0.12,4.098,83,0.000,65535.000,0,0.000800,0.000400,0,65535,0,65535,0,0,-0.97,-0.86,0.20,0.26,0.24,0.32,24.9,699,254,0,12,36.2,415,422,508
30/09/2019 10:22:40.446,0,6553.5,-3276.8,-19,0.05,0.08,4.098,83,0.000,65535.000,0,0.000800,0.000340,0,65535,0,65535,0,0,-0.96,-0.89,0.21,0.25,0.26,0.34,24.9,699,254,-3,12,36.2,416,423,509
30/09/2019 10:22:41.446,0,6553.5,-3276.8,-19,0.02,0.04,4.098,83,0.000,65535.000,0,0.000800,0.000280,0,65535,0,65535,0,0,-0.97,-0.90,0.19,0.25,0.24,0.32,24.9,699,254,0,12,36.2,415,423,509
30/09/2019 10:22:42.446,0,6553.5,-3276.8,-19,0.03,0.06,4.098,83,0.000,65535.000,0,0.000800,0.000260,0,65535,0,65535,0,0,-0.97,-0.87,0.20,0.26,0.21,0.33,24.9,699,254,-5,12,36.2,416,418,508
30/09/2019 10:22:43.446,0,6553.5,-3276.8,-20,0.02,0.06,4.098,83,0.000,65535.000,0,0.000800,0.000320,0,65535,0,65535,0,0,-0.96,-0.89,0.20,0.27,0.25,0.32,24.9,699,254,-6,12,36.2,415,422,509
30/09/2019 10:22:44.446,0,6553.5,-3276.8,-20,0.02,0.04,4.098,83,0.000,65535.000,0,0.000800,0.000300,0,65535,0,65535,0,0,-0.96,-0.89,0.21,0.27,0.26,0.33,24.9,699,254,-2,12,36.2,417,431,504
30/09/2019 10:22:45.446,0,6553.5,-3276.8,-20,0.01,0.04,4.098,83,0.000,65535.000,0,0.000800,0.000260,0,65535,0,65535,0,0,-0.96,-0.89,0.21,0.27,0.25,0.32,24.9,699,254,-4,12,36.2,414,422,509
30/09/2019 10:22:46.446,0,6553.5,-3276.8,-21,0.02,0.04,4.098,83,0.000,65535.000,0,0.000800,0.000260,0,65535,0,65535,0,0,-0.96,-0.86,0.21,0.27,0.24,0.33,24.9,699,255,-128,-128,36.2,414,427,511
30/09/2019 10:22:47.446,0,6553.5,-3276.8,-21,0.01,0.03,4.098,83,0.000,65535.000,0,0.000800,0.000240,0,65535,0,65535,0,0,-0.96,-0.89,0.21,0.27,0.25,0.32,24.9,699,255,-128,-128,36.2,415,423,509
30/09/2019 10:22:48.446,0,6553.5,-3276.8,-22,0.01,0.04,4.098,83,0.000,65535.000,0,0.000800,0.000260,0,65535,0,65535,0,0,-0.95,-0.87,0.21,0.28,0.26,0.33,25.0,699,255,-128,-128,36.2,408,423,509
30/09/2019 10:22:49.446,0,6553.5,-3276.8,-22,0.01,0.03,4.098,83,0.000,65535.000,0,0.000800,0.000200,0,65535,0,65535,0,0,-0.95,-0.87,0.21,0.27,0.26,0.33,25.0,699,255,-128,-128,36.2,415,424,509
30/09/2019 10:22:50.446,0,6553.5,-3276.8,-22,0.01,0.07,4.098,83,0.000,65535.000,0,0.000800,0.000220,0,65535,0,65535,0,0,-0.95,-0.86,0.21,0.31,0.25,0.36,25.0,699,255,-128,-128,36.2,419,419,504
30/09/2019 10:22:51.446,0,6553.5,-3276.8,-22,0.02,0.04,4.098,83,0.000,65535.000,0,0.000800,0.000220,0,65535,0,65535,0,0,-0.97,-0.87,0.21,0.28,0.26,0.33,25.0,699,255,-128,-128,36.2,415,423,509
30/09/2019 10:22:52.446,0,6553.5,-3276.8,-22,0.02,0.08,4.098,83,0.000,65535.000,0,0.000800,0.000380,0,65535,0,65535,0,0,-0.96,-0.85,0.21,0.32,0.24,0.34,25.0,699,255,-128,-128,36.2,419,426,502
30/09/2019 10:22:53.446,0,6553.5,-3276.8,-21,0.03,0.06,4.098,83,0.000,65535.000,0,0.000800,0.000300,0,65535,0,65535,0,0,-0.97,-0.84,0.21,0.31,0.21,0.30,25.0,699,255,-128,-128,36.2,414,423,509
30/09/2019 10:22:54.446,0,6553.5,-3276.8,-21,0.01,0.04,4.098,83,0.000,65535.000,0,0.000800,0.000260,0,65535,0,65535,0,0,-0.96,-0.87,0.21,0.28,0.22,0.30,25.0,699,255,-128,-128,36.2,407,424,490
30/09/2019 10:22:55.446,0,6553.5,-3276.8,-20,0.02,0.06,4.098,83,0.000,65535.000,0,0.000800,0.000200,0,65535,0,65535,0,0,-0.97,-0.87,0.21,0.27,0.21,0.31,25.0,699,255,-128,-128,36.2,415,423,509
30/09/2019 10:22:56.446,0,6553.5,-3276.8,-20,0.01,0.04,4.098,83,0.000,65535.000,0,0.000800,0.000220,0,65535,0,65535,0,0,-0.97,-0.91,0.20,0.25,0.21,0.30,25.1,699,255,-128,-128,36.2,405,409,490
30/09/2019 10:22:57.446,0,6553.5,-3276.8,-20,0.02,0.06,4.098,83,0.000,65535.000,0,0.000800,0.000180,0,65535,0,65535,0,0,-0.96,-0.86,0.21,0.28,0.24,0.30,25.1,699,255,-128,-128,36.2,415,423,508
30/09/2019 10:22:58.446,0,6553.5,-3276.8,-20,0.02,0.06,4.098,83,0.000,65535.000,0,0.000800,0.000160,0,65535,0,65535,0,0,-0.96,-0.89,0.20,0.26,0.24,0.32,25.1,699,255,-128,-128,36.2,410,414,487
30/09/2019 10:22:59.446,0,6553.5,-3276.8,-20,0.01,0.03,4.098,83,0.000,65535.000,0,0.000800,0.000300,0,65535,0,65535,0,0,-0.96,-0.89,0.21,0.26,0.24,0.31,25.1,699,255,-128,-128,36.2,415,422,509
30/09/2019 10:23:00.446,0,6553.5,-3276.8,-20,0.02,0.04,4.098,83,0.000,65535.000,0,0.000800,0.000240,0,65535,0,65535,0,0,-0.96,-0.89,0.21,0.28,0.22,0.30,25.1,699,255,-128,-128,36.2,398,413,487
30/09/2019 10:23:01.446,0,6553.5,-3276.8,-20,0.02,0.04,4.098,83,0.000,65535.000,0,0.000800,0.000320,0,65535,0,65535,0,0,-0.96,-0.89,0.21,0.28,0.24,0.30,25.1,699,255,-128,-128,36.2,415,423,510
30/09/2019 10:23:02.446,0,6553.5,-3276.8,-20,0.01,0.04,4.098,83,0.000,65535.000,0,0.000800,0.000280,0,65535,0,65535,0,0,-0.97,-0.90,0.21,0.31,0.22,0.30,25.1,699,255,-128,-128,36.2,416,423,510
30/09/2019 10:23:03.446,0,6553.5,-3276.8,-20,0.02,0.04,4.098,83,0.000,65535.000,0,0.000800,0.000240,0,65535,0,65535,0,0,-0.96,-0.87,0.21,0.28,0.21,0.31,25.1,699,255,-128,-128,36.2,415,423,509
30/09/2019 10:23:04.446,0,6553.5,-3276.8,-20,0.01,0.03,4.098,83,0.000,65535.000,0,0.000800,0.000260,0,65535,0,65535,0,0,-0.95,-0.90,0.21,0.27,0.24,0.30,25.1,699,255,-128,-128,36.2,415,423,509
30/09/2019 10:23:05.446,0,6553.5,-3276.8,-20,0.01,0.03,4.098,83,0.000,65535.000,0,0.000800,0.000240,0,65535,0,65535,0,0,-0.96,-0.89,0.21,0.28,0.22,0.30,25.1,699,255,-128,-128,36.2,415,423,509
30/09/2019 10:23:06.446,0,6553.5,-3276.8,-20,0.01,0.03,4.098,83,0.000,65535.000,0,0.000800,0.000140,0,65535,0,65535,0,0,-0.96,-0.87,0.21,0.27,0.22,0.31,25.1,699,255,-128,-128,36.2,415,423,509
30/09/2019 10:23:07.446,0,6553.5,-3276.8,-20,0.01,0.04,4.098,83,0.000,65535.000,0,0.000800,0.000180,0,65535,0,65535,0,0,-0.96,-0.89,0.21,0.27,0.22,0.30,25.1,699,255,-128,-128,36.2,415,423,509
30/09/2019 10:23:08.446,0,6553.5,-3276.8,-20,0.02,0.04,4.098,83,0.000,65535.000,0,0.000800,0.000180,0,65535,0,65535,0,0,-0.96,-0.87,0.21,0.28,0.21,0.30,25.2,699,255,-128,-128,36.2,414,422,509
30/09/2019 10:23:09.446,0,6553.5,-3276.8,-20,0.01,0.04,4.098,83,0.000,65535.000,0,0.000800,0.000200,0,65535,0,65535,0,0,-0.96,-0.87,0.21,0.27,0.24,0.31,25.2,699,255,-128,-128,36.2,415,422,509
30/09/2019 10:23:10.446,0,6553.5,-3276.8,-20,0.02,0.04,4.098,83,0.000,65535.000,0,0.000800,0.000180,0,65535,0,65535,0,0,-0.95,-0.87,0.21,0.28,0.21,0.30,25.2,699,255,-128,-128,36.2,414,423,509
30/09/2019 10:23:11.446,0,6553.5,-3276.8,-20,0.01,0.04,4.098,83,0.000,65535.000,0,0.000800,0.000180,0,65535,0,65535,0,0,-0.95,-0.87,0.21,0.28,0.21,0.30,25.2,699,255,-128,-128,36.2,415,422,509
30/09/2019 10:23:12.446,0,6553.5,-3276.8,-20,0.01,0.04,4.098,83,0.000,65535.000,0,0.000800,0.000240,0,65535,0,65535,0,0,-0.95,-0.89,0.21,0.30,0.24,0.30,25.2,699,255,-128,-128,36.2,403,410,480
30/09/2019 10:23:13.446,0,6553.5,-3276.8,-20,0.01,0.03,4.098,83,0.000,65535.000,0,0.000800,0.000220,0,65535,0,65535,0,0,-0.95,-0.89,0.21,0.27,0.22,0.30,25.2,699,255,-128,-128,36.2,414,423,509
30/09/2019 10:23:14.446,0,6553.5,-3276.8,-20,0.02,0.04,4.098,83,0.000,65535.000,0,0.000800,0.000220,0,65535,0,65535,0,0,-0.97,-0.89,0.21,0.28,0.21,0.30,25.2,699,255,-128,-128,35.9,403,412,487
30/09/2019 10:23:15.446,0,6553.5,-3276.8,-19,0.02,0.04,4.098,83,0.000,65535.000,0,0.000800,0.000200,0,65535,0,65535,0,0,-0.97,-0.89,0.21,0.27,0.22,0.31,25.2,699,255,-128,-128,35.9,415,422,508
30/09/2019 10:23:16.446,0,6553.5,-3276.8,-20,0.02,0.04,4.098,83,0.000,65535.000,0,0.000800,0.000200,0,65535,0,65535,0,0,-0.97,-0.89,0.21,0.28,0.20,0.31,25.3,699,255,-128,-128,35.9,409,413,486
30/09/2019 10:23:17.446,0,6553.5,-3276.8,-20,0.02,0.03,4.098,83,0.000,65535.000,0,0.000800,0.000200,0,65535,0,65535,0,0,-0.97,-0.89,0.21,0.28,0.22,0.30,25.3,699,255,-128,-128,35.9,415,422,508
30/09/2019 10:23:18.446,0,6553.5,-3276.8,-20,0.01,0.04,4.098,83,0.000,65535.000,0,0.000800,0.000220,0,65535,0,65535,0,0,-0.96,-0.89,0.21,0.27,0.24,0.31,25.3,699,255,-128,-128,35.9,408,412,495
30/09/2019 10:23:19.446,0,6553.5,-3276.8,-20,0.01,0.07,4.098,83,0.000,65535.000,0,0.000800,0.000220,0,65535,0,65535,0,0,-0.97,-0.89,0.21,0.32,0.22,0.30,25.3,699,235,-9,12,35.9,415,423,509
30/09/2019 10:23:20.446,0,6553.5,-3276.8,-20,0.01,0.03,4.098,83,0.000,65535.000,0,0.000800,0.000220,0,65535,0,65535,0,0,-0.96,-0.89,0.21,0.28,0.24,0.31,25.3,699,254,-1,12,35.9,414,423,505
30/09/2019 10:23:21.446,0,6553.5,-3276.8,-20,0.01,0.06,4.098,83,0.000,65535.000,0,0.000800,0.000200,0,65535,0,65535,0,0,-0.95,-0.87,0.21,0.30,0.24,0.31,25.3,699,254,-10,12,35.9,415,423,508
30/09/2019 10:23:22.446,0,6553.5,-3276.8,-21,0.01,0.04,4.098,83,0.000,65535.000,0,0.000800,0.000240,0,65535,0,65535,0,0,-0.96,-0.87,0.21,0.28,0.24,0.31,25.3,699,254,-11,12,35.9,410,419,493
30/09/2019 10:23:23.446,0,6553.5,-3276.8,-20,0.01,0.03,4.098,83,0.000,65535.000,0,0.000800,0.000200,0,65535,0,65535,0,0,-0.96,-0.89,0.21,0.27,0.22,0.32,25.3,699,254,-10,12,35.9,415,422,508
30/09/2019 10:23:24.446,0,6553.5,-3276.8,-20,0.02,0.04,4.098,83,0.000,65535.000,0,0.000800,0.000240,0,65535,0,65535,0,0,-0.97,-0.90,0.21,0.27,0.22,0.31,25.3,699,254,-6,12,35.9,413,427,509
30/09/2019 10:23:25.446,0,6553.5,-3276.8,-20,0.02,0.04,4.098,83,0.000,65535.000,0,0.000800,0.000220,0,65535,0,65535,0,0,-0.96,-0.89,0.22,0.30,0.22,0.30,25.3,699,254,-6,12,35.9,415,423,510
30/09/2019 10:23:26.446,0,6553.5,-3276.8,-20,0.01,0.04,4.098,83,0.000,65535.000,0,0.000800,0.000220,0,65535,0,65535,0,0,-0.96,-0.87,0.21,0.27,0.24,0.30,25.3,699,254,-9,12,35.9,415,421,502
30/09/2019 10:23:27.446,0,6553.5,-3276.8,-20,0.01,0.03,4.097,82,0.000,65535.000,0,0.000800,0.000220,0,65535,0,65535,0,0,-0.96,-0.89,0.21,0.28,0.22,0.30,25.3,699,254,-13,12,35.9,415,423,510
30/09/2019 10:23:28.446,0,6553.5,-3276.8,-20,0.01,0.03,4.097,82,0.000,65535.000,0,0.000800,0.000280,0,65535,0,65535,0,0,-0.96,-0.90,0.21,0.30,0.24,0.30,25.3,699,254,-7,12,35.9,414,423,509
30/09/2019 10:23:29.446,0,6553.5,-3276.8,-21,0.01,0.04,4.097,82,0.000,65535.000,0,0.000800,0.000300,0,65535,0,65535,0,0,-0.96,-0.87,0.21,0.27,0.22,0.30,25.3,699,254,-8,12,35.9,415,423,509
30/09/2019 10:23:30.446,0,6553.5,-3276.8,-21,0.02,0.06,4.097,82,0.000,65535.000,0,0.000800,0.000240,0,65535,0,65535,0,0,-0.96,-0.89,0.21,0.32,0.24,0.30,25.3,699,254,-4,12,35.9,415,423,509
30/09/2019 10:23:31.446,0,6553.5,-3276.8,-20,0.01,0.04,4.097,82,0.000,65535.000,0,0.000800,0.000280,0,65535,0,65535,0,0,-0.96,-0.87,0.21,0.28,0.22,0.28,25.3,699,254,-8,12,35.9,415,422,509
30/09/2019 10:23:32.446,0,6553.5,-3276.8,-20,0.01,0.03,4.097,82,0.000,65535.000,0,0.000800,0.000140,0,65535,0,65535,0,0,-0.95,-0.89,0.21,0.28,0.24,0.30,25.3,699,254,-10,12,35.9,415,423,509
30/09/2019 10:23:33.446,0,6553.5,-3276.8,-20,0.02,0.04,4.097,82,0.000,65535.000,0,0.000800,0.000160,0,65535,0,65535,0,0,-0.96,-0.89,0.21,0.30,0.24,0.30,25.4,699,254,-9,12,35.9,416,423,509
30/09/2019 10:23:34.446,0,6553.5,-3276.8,-20,0.01,0.03,4.097,82,0.000,65535.000,0,0.000800,0.000160,0,65535,0,65535,0,0,-0.96,-0.89,0.21,0.27,0.24,0.31,25.4,699,254,-8,12,35.9,415,422,509
30/09/2019 10:23:35.446,0,6553.5,-3276.8,-20,0.01,0.03,4.097,82,0.000,65535.000,0,0.000800,0.000180,0,65535,0,65535,0,0,-0.95,-0.89,0.21,0.28,0.24,0.31,25.4,699,254,-11,12,35.9,416,423,509
30/09/2019 10:23:36.446,0,6553.5,-3276.8,-20,0.01,0.04,4.097,82,0.000,65535.000,0,0.000800,0.000180,0,65535,0,65535,0,0,-0.96,-0.87,0.21,0.27,0.22,0.30,25.4,699,254,-2,12,35.9,415,423,509
30/09/2019 10:23:37.446,0,6553.5,-3276.8,-20,0.02,0.03,4.097,82,0.000,65535.000,0,0.000800,0.000160,0,65535,0,65535,0,0,-0.96,-0.89,0.21,0.30,0.24,0.31,25.4,17083,254,-9,12,35.9,415,423,509
30/09/2019 10:23:38.446,0,6553.5,-3276.8,-21,0.02,0.06,4.097,82,0.000,65535.000,0,0.000800,0.000220,0,65535,0,65535,0,0,-0.96,-0.86,0.22,0.28,0.24,0.30,25.4,17083,254,0,12,35.9,415,422,509
30/09/2019 10:23:39.446,0,6553.5,-3276.8,-20,0.03,0.08,4.097,82,0.000,65535.000,0,0.000800,0.000200,0,65535,0,65535,0,0,-0.97,-0.84,0.21,0.31,0.21,0.34,25.4,17083,254,0,12,35.9,416,423,508
30/09/2019 10:23:40.446,0,6553.5,-3276.8,-20,0.02,0.06,4.097,82,0.000,65535.000,0,0.000800,0.000180,0,65535,0,65535,0,0,-0.97,-0.89,0.21,0.25,0.24,0.33,25.4,17083,254,0,12,35.9,414,422,509
30/09/2019 10:23:41.446,0,6553.5,-3276.8,-20,0.02,0.03,4.097,82,0.000,65535.000,0,0.000800,0.000200,0,65535,0,65535,0,0,-0.97,-0.89,0.21,0.27,0.25,0.32,25.4,17083,254,-3,12,35.9,415,423,509
30/09/2019 10:23:42.446,0,6553.5,-3276.8,-21,0.01,0.04,4.097,82,0.000,65535.000,0,0.000800,0.000360,0,65535,0,65535,0,0,-0.96,-0.87,0.21,0.27,0.25,0.31,25.4,17083,254,-6,12,35.9,414,422,509
30/09/2019 10:23:43.446,0,6553.5,-3276.8,-21,0.03,0.08,4.097,82,0.000,65535.000,0,0.000800,0.000320,0,65535,0,65535,0,0,-0.96,-0.85,0.21,0.32,0.25,0.33,25.5,17083,254,-11,12,35.9,415,423,509
30/09/2019 10:23:44.446,0,6553.5,-3276.8,-22,0.04,0.08,4.097,82,0.000,65535.000,0,0.000800,0.000300,0,65535,0,65535,0,0,-0.95,-0.85,0.24,0.33,0.22,0.32,25.5,17083,175,-20,12,35.9,415,423,509
30/09/2019 10:23:45.446,0,6553.5,-3276.8,-22,0.02,0.06,4.097,82,0.000,65535.000,0,0.000800,0.000320,0,65535,0,65535,0,0,-0.95,-0.85,0.21,0.31,0.25,0.33,25.5,17083,50,-19,12,35.9,415,423,509
30/09/2019 10:23:46.446,0,6553.5,-3276.8,-22,0.02,0.06,4.097,82,0.000,65535.000,0,0.000800,0.000360,0,65535,0,65535,0,0,-0.95,-0.86,0.25,0.33,0.25,0.31,25.6,17083,0,-21,12,35.9,415,423,509
30/09/2019 10:23:47.446,0,6553.5,-3276.8,-22,0.02,0.04,4.097,82,0.000,65535.000,0,0.000800,0.000360,0,65535,0,65535,0,0,-0.92,-0.86,0.24,0.33,0.25,0.32,25.6,17083,254,-18,12,35.9,415,423,509
30/09/2019 10:23:48.446,0,6553.5,-3276.8,-22,0.02,0.03,4.097,82,0.000,65535.000,0,0.000800,0.000180,0,65535,0,65535,0,0,-0.93,-0.86,0.24,0.32,0.24,0.32,25.6,17083,254,-18,12,35.9,415,423,509
30/09/2019 10:23:49.446,0,6553.5,-3276.8,-22,0.02,0.03,4.097,82,0.000,65535.000,0,0.000800,0.000160,0,65535,0,65535,0,0,-0.93,-0.85,0.24,0.33,0.25,0.32,25.6,17083,254,-19,12,35.9,415,424,509
30/09/2019 10:23:50.446,0,6553.5,-3276.8,-22,0.02,0.04,4.097,82,0.000,65535.000,0,0.000800,0.000160,0,65535,0,65535,0,0,-0.95,-0.87,0.25,0.34,0.24,0.33,25.6,17083,190,-19,12,35.9,415,423,509
30/09/2019 10:23:51.446,0,6553.5,-3276.8,-22,0.01,0.04,4.097,82,0.000,65535.000,0,0.000800,0.000160,0,65535,0,65535,0,0,-0.96,-0.86,0.24,0.32,0.26,0.32,25.6,17083,254,-21,12,35.9,416,424,509
30/09/2019 10:23:52.446,0,6553.5,-3276.8,-24,0.02,0.06,4.097,82,0.000,65535.000,0,0.000800,0.000200,0,65535,0,65535,0,0,-0.95,-0.86,0.25,0.33,0.26,0.33,25.6,17083,254,-23,12,35.9,415,422,508
30/09/2019 10:23:53.446,0,6553.5,-3276.8,-23,0.02,0.06,4.097,82,0.000,65535.000,0,0.000800,0.000240,0,65535,0,65535,0,0,-0.95,-0.87,0.24,0.34,0.26,0.32,25.6,17083,195,-12,12,35.9,418,427,511
30/09/2019 10:23:54.446,0,6553.5,-3276.8,-24,0.01,0.04,4.097,82,0.000,65535.000,0,0.000800,0.000220,0,65535,0,65535,0,0,-0.93,-0.86,0.24,0.33,0.25,0.32,25.6,17083,0,-15,12,35.9,415,423,508
30/09/2019 10:23:55.446,0,6553.5,-3276.8,-24,0.02,0.06,4.097,82,0.000,65535.000,0,0.000800,0.000240,0,65535,0,65535,0,0,-0.92,-0.85,0.25,0.33,0.26,0.33,25.6,17083,254,-15,12,35.9,420,429,517
30/09/2019 10:23:56.446,0,6553.5,-3276.8,-24,0.03,0.07,4.096,82,0.000,65535.000,0,0.000800,0.000260,0,65535,0,65535,0,0,-0.95,-0.84,0.22,0.37,0.26,0.32,25.7,17083,254,-11,12,35.9,414,422,509
30/09/2019 10:23:57.446,0,6553.5,-3276.8,-24,0.02,0.06,4.095,82,0.000,65535.000,0,0.000800,0.000220,0,65535,0,65535,0,0,-0.93,-0.86,0.22,0.37,0.24,0.33,25.7,17083,254,-9,12,35.9,422,428,515
30/09/2019 10:23:58.446,0,6553.5,-3276.8,-23,0.02,0.06,4.095,82,0.000,65535.000,0,0.000800,0.000220,0,65535,0,65535,0,0,-0.93,-0.86,0.25,0.36,0.24,0.31,25.7,17083,254,-5,12,35.9,415,423,509
30/09/2019 10:23:59.446,0,6553.5,-3276.8,-23,0.02,0.07,4.095,82,0.000,65535.000,0,0.000800,0.000200,0,65535,0,65535,0,0,-0.95,-0.85,0.25,0.36,0.24,0.32,25.7,17083,254,-4,12,35.9,414,422,510
30/09/2019 10:24:00.446,0,6553.5,-3276.8,-24,0.02,0.04,4.095,82,0.000,65535.000,0,0.000800,0.000240,0,65535,0,65535,0,0,-0.93,-0.86,0.26,0.33,0.25,0.32,25.7,17083,254,-22,12,35.9,415,422,509
30/09/2019 10:24:01.446,0,6553.5,-3276.8,-24,0.02,0.03,4.095,82,0.000,65535.000,0,0.000800,0.000240,0,65535,0,65535,0,0,-0.93,-0.85,0.26,0.34,0.25,0.31,25.7,17083,254,-13,12,35.9,414,423,509
30/09/2019 10:24:02.446,0,6553.5,-3276.8,-24,0.02,0.06,4.095,82,0.000,65535.000,0,0.000800,0.000200,0,65535,0,65535,0,0,-0.92,-0.85,0.26,0.34,0.26,0.33,25.7,17083,254,-11,12,35.9,414,423,509
30/09/2019 10:24:03.446,0,6553.5,-3276.8,-24,0.01,0.04,4.095,82,0.000,65535.000,0,0.000800,0.000200,0,65535,0,65535,0,0,-0.92,-0.85,0.26,0.34,0.22,0.32,25.7,17083,254,-9,12,35.9,416,422,509
30/09/2019 10:24:04.446,0,6553.5,-3276.8,-24,0.02,0.04,4.095,82,0.000,65535.000,0,0.000800,0.000200,0,65535,0,65535,0,0,-0.95,-0.85,0.26,0.34,0.24,0.32,25.7,17083,254,-9,12,35.9,415,422,510
30/09/2019 10:24:05.446,0,6553.5,-3276.8,-23,0.04,0.09,4.095,82,0.000,65535.000,0,0.000800,0.000200,0,65535,0,65535,0,0,-0.96,-0.85,0.22,0.37,0.22,0.34,25.7,17083,254,-19,12,35.9,415,422,509
30/09/2019 10:24:06.446,0,6553.5,-3276.8,-21,0.09,0.22,4.095,82,0.000,65535.000,0,0.000800,0.000280,0,65535,0,65535,0,0,-1.01,-0.85,0.16,0.38,0.03,0.30,25.7,17083,0,0,12,35.9,415,422,509
30/09/2019 10:24:07.446,0,6553.5,-3276.8,-12,0.27,0.34,4.095,82,0.000,65535.000,0,0.000800,0.000280,0,65535,0,65535,0,0,-1.13,-0.81,-0.18,0.20,-0.06,0.22,25.7,17083,254,-2,12,35.9,416,423,509
30/09/2019 10:24:08.446,0,6553.5,-3276.8,-8,0.28,0.54,4.095,82,0.000,65535.000,0,0.000800,0.000320,0,65535,0,65535,0,0,-1.26,-0.54,-0.38,-0.01,-0.19,0.38,25.7,17083,254,-1,12,35.9,416,422,509
30/09/2019 10:24:09.446,0,6553.5,-3276.8,4,0.36,0.59,4.095,82,0.000,65535.000,0,0.000800,0.000480,0,65535,0,65535,0,0,-1.15,-0.74,-0.16,0.13,-0.62,0.14,25.7,17083,254,-1,12,35.9,415,423,510
30/09/2019 10:24:10.446,0,6553.5,-3276.8,9,0.21,0.45,4.095,82,0.000,65535.000,0,0.000800,0.000420,0,65535,0,65535,0,0,-1.14,-0.77,-0.16,0.20,-0.53,0.03,25.7,17083,254,-6,12,35.9,415,423,509
30/09/2019 10:24:11.446,0,6553.5,-3276.8,2,0.24,0.37,4.095,82,0.000,65535.000,0,0.000800,0.000400,0,65535,0,65535,0,0,-1.28,-0.77,-0.16,0.18,-0.04,0.24,25.7,699,0,-7,12,35.9,414,422,509
30/09/2019 10:24:12.446,0,6553.5,-3276.8,-2,0.14,0.25,4.095,82,0.000,65535.000,0,0.000800,0.000480,0,65535,0,65535,0,0,-1.16,-0.90,-0.14,0.06,0.01,0.24,25.7,699,254,-9,12,35.9,416,423,510
30/09/2019 10:24:13.446,0,6553.5,-3276.8,-6,0.12,0.19,4.095,82,0.000,65535.000,0,0.000800,0.000360,0,65535,0,65535,0,0,-1.13,-0.90,-0.16,0.09,0.02,0.24,25.8,699,254,-7,12,35.9,415,422,510
30/09/2019 10:24:14.446,0,6553.5,-3276.8,-7,0.13,0.19,4.095,82,0.000,65535.000,0,0.000800,0.000300,0,65535,0,65535,0,0,-1.12,-0.92,-0.15,0.18,0.02,0.24,25.8,699,254,0,12,35.8,415,422,510
30/09/2019 10:24:15.446,0,6553.5,-3276.8,-8,0.07,0.16,4.095,82,0.000,65535.000,0,0.000800,0.000340,0,65535,0,65535,0,0,-1.07,-0.95,-0.16,0.15,0.09,0.25,25.8,699,254,0,12,35.8,415,423,510
30/09/2019 10:24:16.446,0,6553.5,-3276.8,-7,0.09,0.18,4.095,82,0.000,65535.000,0,0.000800,0.000360,0,65535,0,65535,0,0,-1.07,-0.95,-0.09,0.18,0.00,0.20,25.8,699,254,-5,12,35.8,416,423,509
30/09/2019 10:24:17.446,0,6553.5,-3276.8,-7,0.09,0.18,4.095,82,0.000,65535.000,0,0.000800,0.000300,0,65535,0,65535,0,0,-1.10,-0.90,-0.10,0.19,-0.01,0.21,25.8,699,254,-7,12,35.8,415,423,520
30/09/2019 10:24:18.446,0,6553.5,-3276.8,-8,0.06,0.14,4.095,82,0.000,65535.000,0,0.000800,0.000260,0,65535,0,65535,0,0,-1.07,-0.93,-0.12,0.14,0.03,0.20,25.8,699,254,0,12,35.8,415,422,509
30/09/2019 10:24:19.446,0,6553.5,-3276.8,-7,0.14,0.19,4.095,82,0.000,65535.000,0,0.000800,0.000220,0,65535,0,65535,0,0,-1.06,-0.92,0.09,0.24,0.00,0.16,25.8,699,254,-2,12,35.8,416,424,521
30/09/2019 10:24:20.446,0,6553.5,-3276.8,-7,0.09,0.20,4.095,82,0.000,65535.000,0,0.000800,0.000320,0,65535,0,65535,0,0,-1.03,-0.87,-0.13,0.20,0.00,0.24,25.8,699,254,-7,12,35.8,415,423,509
30/09/2019 10:24:21.446,0,6553.5,-3276.8,-7,0.13,0.24,4.095,82,0.000,65535.000,0,0.000800,0.000320,0,65535,0,65535,0,0,-1.15,-0.90,-0.16,0.22,0.00,0.18,25.8,699,254,-14,12,35.8,416,422,509
30/09/2019 10:24:22.446,0,6553.5,-3276.8,-7,0.09,0.14,4.095,82,0.000,65535.000,0,0.000800,0.000300,0,65535,0,65535,0,0,-1.10,-0.91,-0.06,0.20,0.00,0.21,25.9,699,254,-19,12,35.8,415,423,509
30/09/2019 10:24:23.446,0,6553.5,-3276.8,-6,0.14,0.20,4.095,82,0.000,65535.000,0,0.000800,0.000280,0,65535,0,65535,0,0,-1.04,-0.95,-0.20,-0.03,-0.01,0.18,25.9,699,254,-12,12,35.8,408,412,509
30/09/2019 10:24:24.446,0,6553.5,-3276.8,-7,0.08,0.18,4.095,82,0.000,65535.000,0,0.000800,0.000340,0,65535,0,65535,0,0,-1.09,-0.92,-0.19,0.06,0.01,0.24,25.9,699,254,-7,12,35.8,415,423,509
30/09/2019 10:24:25.446,0,6553.5,-3276.8,-7,0.09,0.25,4.095,82,0.000,65535.000,0,0.000800,0.000560,0,65535,0,65535,0,0,-1.09,-0.86,-0.14,0.20,-0.06,0.27,25.9,699,254,-8,12,35.8,415,419,506
30/09/2019 10:24:26.446,0,6553.5,-3276.8,-10,0.10,0.15,4.095,82,0.000,65535.000,0,0.000800,0.000600,0,65535,0,65535,0,0,-1.07,-0.93,-0.19,0.00,0.06,0.22,25.9,699,254,0,12,35.8,415,423,510
30/09/2019 10:24:27.446,0,6553.5,-3276.8,-11,0.06,0.08,4.095,82,0.000,65535.000,0,0.000800,0.000640,0,65535,0,65535,0,0,-1.00,-0.93,-0.18,-0.12,0.15,0.21,25.9,699,254,0,12,35.8,416,410,501
30/09/2019 10:24:28.446,0,6553.5,-3276.8,-13,0.03,0.04,4.095,82,0.000,65535.000,0,0.000800,0.000640,0,65535,0,65535,0,0,-1.01,-0.95,-0.18,-0.12,0.19,0.24,25.9,699,254,-6,12,35.8,415,422,509
30/09/2019 10:24:29.446,0,6553.5,-3276.8,-13,0.01,0.03,4.095,82,0.000,65535.000,0,0.000800,0.000680,0,65535,0,65535,0,0,-1.02,-0.96,-0.16,-0.13,0.16,0.21,25.9,699,254,-3,12,35.8,416,420,498
30/09/2019 10:24:30.446,0,6553.5,-3276.8,-14,0.04,0.80,4.095,82,0.000,65535.000,0,0.000800,0.001320,0,65535,0,65535,0,0,-1.04,-0.92,-0.18,0.07,-1.08,0.24,25.9,699,254,-17,12,35.8,415,422,510
30/09/2019 10:24:31.446,0,6553.5,-3276.8,-10,0.11,0.63,4.095,82,0.000,65535.000,0,0.000800,0.002380,0,65535,0,65535,0,0,-1.31,-0.60,-0.26,0.39,-0.32,0.26,25.9,699,254,0,12,35.8,417,424,510
30/09/2019 10:24:32.446,0,6553.5,-3276.8,5,0.51,0.89,4.095,82,0.000,65535.000,0,0.000800,0.002020,0,65535,0,65535,0,0,-1.28,0.19,-0.06,0.77,-0.81,0.19,26.0,699,254,0,12,35.8,413,422,509
30/09/2019 10:24:33.446,0,6553.5,-3276.8,18,0.39,0.79,4.095,82,0.000,65535.000,0,0.000800,0.000940,0,65535,0,65535,0,0,-1.15,-0.61,-0.04,0.68,-0.73,-0.13,26.0,699,254,-1,12,35.8,415,422,509
30/09/2019 10:24:34.446,0,6553.5,-3276.8,33,0.53,1.08,4.095,82,0.000,65535.000,0,0.000800,0.000660,0,65535,0,65535,0,0,-1.21,0.04,-0.19,1.10,-1.07,0.14,26.0,699,254,0,12,35.8,415,422,509
30/09/2019 10:24:35.446,0,6553.5,-3276.8,54,0.68,1.07,4.095,82,0.000,65535.000,0,0.000800,0.000360,0,65535,0,65535,0,0,-0.36,0.32,0.78,1.13,-0.27,0.30,26.0,699,254,0,12,35.8,416,422,509
30/09/2019 10:24:36.446,0,6553.5,-3276.8,69,0.51,1.03,4.095,82,0.000,65535.000,0,0.000800,0.000380,0,65535,0,65535,0,0,-0.37,0.28,0.37,1.21,-0.01,1.03,26.1,699,254,0,12,35.8,415,422,509
30/09/2019 10:24:37.446,0,6553.5,-3276.8,-78,0.52,0.72,4.095,82,0.000,65535.000,0,0.000800,0.000260,0,65535,0,65535,0,0,-0.21,0.25,0.37,1.12,0.30,0.74,26.1,699,254,0,12,35.8,415,422,510
30/09/2019 10:24:38.446,0,6553.5,-3276.8,-89,0.35,1.50,4.095,82,0.000,65535.000,0,0.000800,0.000360,0,65535,0,65535,0,0,-0.56,0.45,0.38,1.60,-1.16,0.85,26.1,699,254,0,12,35.8,416,423,509
30/09/2019 10:24:39.446,0,6553.5,-3276.8,87,0.68,1.33,4.095,82,0.000,65535.000,0,0.000800,0.000240,0,65535,0,65535,0,0,-0.51,0.21,0.06,1.15,-1.02,-0.31,26.1,699,254,0,12,35.8,415,423,509
30/09/2019 10:24:40.446,0,6553.5,-3276.8,79,0.36,0.62,4.095,82,0.000,65535.000,0,0.000800,0.000260,0,65535,0,65535,0,0,-0.48,-0.20,0.00,0.89,-0.55,-0.33,26.2,699,254,0,12,35.8,416,424,509
30/09/2019 10:24:41.446,0,10.0,-3276.8,79,0.11,0.15,4.095,82,0.000,65535.000,0,0.000800,0.000140,0,65535,0,65535,0,0,-0.20,-0.13,0.80,0.92,-0.40,-0.33,26.2,691,254,0,12,35.8,414,422,509
30/09/2019 10:24:42.446,0,10.0,-3276.8,79,0.06,0.08,4.095,82,0.000,65535.000,0,0.000800,0.000080,0,65535,0,65535,0,0,-0.20,-0.12,0.81,0.91,-0.40,-0.34,26.2,691,254,0,12,35.8,416,423,509
